47451at7088	Complete	M15	1	0
544175at7088	Complete	M15	1	0
320398at7088	Complete	M15	1	0
289109at7088	Complete	M15	1	0
389670at7088	Complete	M15	1	0
270040at7088	Complete	M15	1	0
29538at7088	Complete	M15	1	0
502310at7088	Complete	M15	1	0
616485at7088	Complete	M15	1	0
436282at7088	Complete	M15	1	0
588904at7088	Complete	M15	1	0
398576at7088	Complete	M15	1	0
448857at7088	Complete	M15	1	0
657449at7088	Complete	M15	1	0
564820at7088	Complete	M15	1	0
536273at7088	Complete	M15	1	0
482752at7088	Complete	M15	1	0
567027at7088	Complete	M15	1	0
297670at7088	Complete	M15	1	0
317916at7088	Complete	M15	1	0
349666at7088	Complete	M15	1	0
321114at7088	Complete	M15	1	0
243043at7088	Complete	M15	1	0
451781at7088	Complete	M15	1	0
660224at7088	Complete	M15	1	0
538215at7088	Complete	M15	1	0
584616at7088	Complete	M15	1	0
153682at7088	Complete	M15	1	0
468264at7088	Complete	M15	1	0
618208at7088	Complete	M15	1	0
418487at7088	Complete	M15	1	0
388623at7088	Complete	M15	1	0
325611at7088	Complete	M15	1	0
444325at7088	Complete	M15	1	0
629308at7088	Complete	M15	1	0
284971at7088	Complete	M15	1	0
645959at7088	Complete	M15	1	0
572511at7088	Complete	M15	1	0
519575at7088	Complete	M15	1	0
173231at7088	Complete	M15	1	0
395695at7088	Complete	M15	1	0
337099at7088	Complete	M15	1	0
528126at7088	Complete	M15	1	0
636111at7088	Complete	M15	1	0
371263at7088	Complete	M15	1	0
621943at7088	Complete	M15	1	0
523223at7088	Complete	M15	1	0
180774at7088	Complete	M15	1	0
521244at7088	Complete	M15	1	0
577183at7088	Complete	M15	1	0
447143at7088	Complete	M15	1	0
544897at7088	Complete	M15	1	0
168474at7088	Complete	M15	1	0
169154at7088	Complete	M15	1	0
586706at7088	Complete	M15	1	0
210634at7088	Complete	M15	1	0
559444at7088	Complete	M15	1	0
284508at7088	Complete	M15	1	0
415424at7088	Complete	M15	1	0
348397at7088	Complete	M15	1	0
386301at7088	Complete	M15	1	0
282356at7088	Complete	M15	1	0
319970at7088	Complete	M15	1	0
564088at7088	Complete	M15	1	0
240724at7088	Complete	M15	1	0
267303at7088	Complete	M15	1	0
274635at7088	Complete	M15	1	0
317870at7088	Complete	M15	1	0
602556at7088	Complete	M15	1	0
298132at7088	Complete	M15	1	0
534324at7088	Complete	M15	1	0
446473at7088	Complete	M15	1	0
622223at7088	Complete	M15	1	0
427494at7088	Complete	M15	1	0
630074at7088	Complete	M15	1	0
247728at7088	Complete	M15	1	0
612514at7088	Complete	M15	1	0
607731at7088	Complete	M15	1	0
525424at7088	Complete	M15	1	0
238448at7088	Complete	M15	1	0
250620at7088	Complete	M15	1	0
84254at7088	Complete	M15	1	0
540138at7088	Complete	M15	1	0
315349at7088	Complete	M15	1	0
411020at7088	Complete	M15	1	0
403028at7088	Complete	M15	1	0
286669at7088	Complete	M15	1	0
496685at7088	Complete	M15	1	0
416290at7088	Complete	M15	1	0
276407at7088	Complete	M15	1	0
452980at7088	Complete	M15	1	0
155107at7088	Complete	M15	1	0
489627at7088	Complete	M15	1	0
259805at7088	Complete	M15	1	0
556138at7088	Complete	M15	1	0
599179at7088	Complete	M15	1	0
176297at7088	Complete	M15	1	0
334409at7088	Complete	M15	1	0
429683at7088	Complete	M15	1	0
527867at7088	Complete	M15	1	0
486833at7088	Complete	M15	1	0
205337at7088	Complete	M15	1	0
515333at7088	Complete	M15	1	0
415178at7088	Complete	M15	1	0
482026at7088	Complete	M15	1	0
509093at7088	Complete	M15	1	0
254353at7088	Complete	M15	1	0
569939at7088	Complete	M15	1	0
489223at7088	Complete	M15	1	0
472474at7088	Complete	M15	1	0
179172at7088	Complete	M15	1	0
504137at7088	Complete	M15	1	0
553974at7088	Complete	M15	1	0
555686at7088	Complete	M15	1	0
150110at7088	Complete	M15	1	0
548395at7088	Complete	M15	1	0
382281at7088	Complete	M15	1	0
610730at7088	Complete	M15	1	0
334705at7088	Complete	M15	1	0
653293at7088	Complete	M15	1	0
236949at7088	Complete	M15	1	0
469401at7088	Complete	M15	1	0
512591at7088	Complete	M15	1	0
631387at7088	Complete	M15	1	0
224258at7088	Complete	M15	1	0
113851at7088	Complete	M15	1	0
453886at7088	Complete	M15	1	0
474632at7088	Complete	M15	1	0
498084at7088	Complete	M15	1	0
179291at7088	Complete	M15	1	0
114653at7088	Complete	M15	1	0
659042at7088	Complete	M15	1	0
348365at7088	Complete	M15	1	0
551334at7088	Complete	M15	1	0
188207at7088	Complete	M15	1	0
554566at7088	Complete	M15	1	0
507585at7088	Complete	M15	1	0
589107at7088	Complete	M15	1	0
403642at7088	Complete	M15	1	0
205786at7088	Complete	M15	1	0
528634at7088	Complete	M15	1	0
607527at7088	Complete	M15	1	0
494544at7088	Complete	M15	1	0
207025at7088	Complete	M15	1	0
160719at7088	Complete	M15	1	0
507110at7088	Complete	M15	1	0
620486at7088	Complete	M15	1	0
168866at7088	Complete	M15	1	0
192969at7088	Complete	M15	1	0
421517at7088	Complete	M15	1	0
493924at7088	Complete	M15	1	0
511918at7088	Complete	M15	1	0
291200at7088	Complete	M15	1	0
215235at7088	Complete	M15	1	0
325435at7088	Complete	M15	1	0
445479at7088	Complete	M15	1	0
633985at7088	Complete	M15	1	0
622603at7088	Complete	M15	1	0
451520at7088	Complete	M15	1	0
266066at7088	Complete	M15	1	0
581693at7088	Complete	M15	1	0
490628at7088	Complete	M15	1	0
630728at7088	Complete	M15	1	0
587216at7088	Complete	M15	1	0
615471at7088	Complete	M15	1	0
654546at7088	Complete	M15	1	0
286977at7088	Complete	M15	1	0
240903at7088	Complete	M15	1	0
517319at7088	Complete	M12	1	0
320711at7088	Complete	M12	1	0
570505at7088	Complete	M12	1	0
532949at7088	Complete	M12	1	0
505052at7088	Complete	M12	1	0
496755at7088	Complete	M12	1	0
471880at7088	Complete	M12	1	0
255938at7088	Complete	M12	1	0
605053at7088	Complete	M12	1	0
477888at7088	Complete	M12	1	0
556777at7088	Complete	M12	1	0
582808at7088	Complete	M12	1	0
542891at7088	Complete	M12	1	0
598412at7088	Complete	M12	1	0
400455at7088	Complete	M12	1	0
292200at7088	Complete	M12	1	0
370695at7088	Complete	M12	1	0
579964at7088	Complete	M12	1	0
160775at7088	Complete	M12	1	0
654961at7088	Complete	M12	1	0
194253at7088	Complete	M12	1	0
404954at7088	Complete	M12	1	0
203721at7088	Complete	M12	1	0
568696at7088	Complete	M12	1	0
609571at7088	Complete	M12	1	0
567382at7088	Complete	M12	1	0
252451at7088	Complete	M12	1	0
249380at7088	Complete	M12	1	0
532225at7088	Complete	M12	1	0
623050at7088	Complete	M12	1	0
209388at7088	Complete	M12	1	0
309693at7088	Complete	M12	1	0
598598at7088	Complete	M12	1	0
533614at7088	Complete	M12	1	0
656140at7088	Complete	M12	1	0
565885at7088	Complete	M12	1	0
580327at7088	Complete	M12	1	0
600039at7088	Complete	M12	1	0
359114at7088	Complete	M12	1	0
544402at7088	Complete	M12	1	0
351090at7088	Complete	M12	1	0
393199at7088	Complete	M12	1	0
182969at7088	Complete	M12	1	0
476279at7088	Complete	M12	1	0
362690at7088	Complete	M12	1	0
384628at7088	Complete	M12	1	0
394456at7088	Complete	M12	1	0
518859at7088	Complete	M12	1	0
237161at7088	Complete	M12	1	0
529490at7088	Complete	M12	1	0
595597at7088	Complete	M12	1	0
442078at7088	Complete	M12	1	0
285841at7088	Complete	M12	1	0
303095at7088	Complete	M12	1	0
391565at7088	Complete	M12	1	0
613776at7088	Complete	M12	1	0
549615at7088	Complete	M12	1	0
531696at7088	Complete	M12	1	0
323896at7088	Complete	M12	1	0
533258at7088	Complete	M12	1	0
589085at7088	Complete	M12	1	0
533656at7088	Complete	M12	1	0
388114at7088	Complete	M12	1	0
423477at7088	Complete	M12	1	0
420389at7088	Complete	M12	1	0
565486at7088	Complete	M12	1	0
468332at7088	Complete	M12	1	0
576985at7088	Complete	M12	1	0
226245at7088	Complete	M12	1	0
532100at7088	Complete	M12	1	0
394150at7088	Complete	M12	1	0
442103at7088	Complete	M12	1	0
271065at7088	Complete	M12	1	0
447511at7088	Complete	M12	1	0
488839at7088	Complete	M12	1	0
549022at7088	Complete	M12	1	0
469708at7088	Complete	M12	1	0
363419at7088	Complete	M12	1	0
546170at7088	Complete	M12	1	0
425865at7088	Complete	M12	1	0
636077at7088	Complete	M12	1	0
521934at7088	Complete	M12	1	0
255308at7088	Complete	M12	1	0
514688at7088	Complete	M12	1	0
566484at7088	Complete	M12	1	0
243840at7088	Complete	M12	1	0
536448at7088	Complete	M12	1	0
464030at7088	Complete	M12	1	0
523465at7088	Complete	M12	1	0
529315at7088	Complete	M12	1	0
398776at7088	Complete	M12	1	0
510066at7088	Complete	M12	1	0
130173at7088	Complete	M12	1	0
646914at7088	Complete	M12	1	0
607839at7088	Complete	M12	1	0
569012at7088	Complete	M12	1	0
365091at7088	Complete	M12	1	0
125024at7088	Complete	M12	1	0
517875at7088	Complete	M12	1	0
337766at7088	Complete	M12	1	0
459894at7088	Complete	M12	1	0
23984at7088	Complete	M12	1	0
552495at7088	Complete	M12	1	0
281503at7088	Complete	M12	1	0
534608at7088	Complete	M12	1	0
512693at7088	Complete	M12	1	0
310830at7088	Complete	M12	1	0
533780at7088	Complete	M12	1	0
477948at7088	Complete	M12	1	0
304568at7088	Complete	M12	1	0
419899at7088	Complete	M12	1	0
491059at7088	Complete	M12	1	0
654002at7088	Complete	M12	1	0
509862at7088	Complete	M12	1	0
377356at7088	Complete	M12	1	0
463020at7088	Complete	M12	1	0
440659at7088	Complete	M12	1	0
406459at7088	Complete	M12	1	0
593287at7088	Complete	M12	1	0
530874at7088	Complete	M12	1	0
635058at7088	Complete	M12	1	0
248183at7088	Complete	M12	1	0
314290at7088	Complete	M12	1	0
559896at7088	Complete	M12	1	0
390543at7088	Complete	M12	1	0
339491at7088	Complete	M12	1	0
618446at7088	Complete	M12	1	0
562547at7088	Complete	M12	1	0
204841at7088	Complete	M12	1	0
458622at7088	Complete	M12	1	0
470681at7088	Complete	M12	1	0
230790at7088	Complete	M12	1	0
504358at7088	Complete	M12	1	0
155321at7088	Complete	M12	1	0
231157at7088	Complete	M12	1	0
397269at7088	Complete	M12	1	0
580463at7088	Complete	M12	1	0
481292at7088	Complete	M12	1	0
301126at7088	Complete	M12	1	0
531234at7088	Complete	M12	1	0
564484at7088	Complete	M12	1	0
525242at7088	Complete	M12	1	0
211275at7088	Complete	M12	1	0
327532at7088	Complete	M12	1	0
553993at7088	Complete	M12	1	0
192069at7088	Complete	M12	1	0
456808at7088	Complete	M12	1	0
609811at7088	Complete	M12	1	0
490554at7088	Complete	M12	1	0
165550at7088	Complete	M4	1	0
450088at7088	Complete	M4	1	0
250092at7088	Complete	M4	1	0
499903at7088	Complete	M4	1	0
429992at7088	Complete	M4	1	0
633729at7088	Complete	M4	1	0
316297at7088	Complete	M4	1	0
213444at7088	Complete	M4	1	0
323221at7088	Complete	M4	1	0
417429at7088	Complete	M4	1	0
575965at7088	Complete	M4	1	0
285173at7088	Complete	M4	1	0
351192at7088	Complete	M4	1	0
632173at7088	Complete	M4	1	0
466863at7088	Complete	M4	1	0
394643at7088	Complete	M4	1	0
413590at7088	Complete	M4	1	0
597186at7088	Complete	M4	1	0
213078at7088	Complete	M4	1	0
601877at7088	Complete	M4	1	0
488842at7088	Complete	M4	1	0
546144at7088	Complete	M4	1	0
566612at7088	Complete	M4	1	0
268102at7088	Complete	M4	1	0
427392at7088	Complete	M4	1	0
506583at7088	Complete	M4	1	0
270824at7088	Complete	M4	1	0
312850at7088	Complete	M4	1	0
137112at7088	Complete	M4	1	0
233057at7088	Complete	M4	1	0
589478at7088	Complete	M4	1	0
526482at7088	Complete	M4	1	0
535880at7088	Complete	M4	1	0
21497at7088	Complete	M4	1	0
180867at7088	Complete	M4	1	0
535955at7088	Complete	M4	1	0
516070at7088	Complete	M4	1	0
610212at7088	Complete	M4	1	0
322049at7088	Complete	M4	1	0
257529at7088	Complete	M4	1	0
577529at7088	Complete	M4	1	0
572921at7088	Complete	M4	1	0
596684at7088	Complete	M4	1	0
328877at7088	Complete	M4	1	0
415411at7088	Complete	M4	1	0
529194at7088	Complete	M4	1	0
644858at7088	Complete	M4	1	0
414857at7088	Complete	M4	1	0
595711at7088	Complete	M4	1	0
446920at7088	Complete	M4	1	0
149894at7088	Complete	M4	1	0
578824at7088	Complete	M4	1	0
529261at7088	Complete	M4	1	0
643963at7088	Complete	M4	1	0
479556at7088	Complete	M4	1	0
557153at7088	Complete	M4	1	0
289374at7088	Complete	M4	1	0
388695at7088	Complete	M4	1	0
609377at7088	Complete	M4	1	0
122477at7088	Complete	M4	1	0
146097at7088	Complete	M4	1	0
492359at7088	Complete	M4	1	0
342010at7088	Complete	M4	1	0
290561at7088	Complete	M4	1	0
202441at7088	Complete	M4	1	0
207211at7088	Complete	M4	1	0
566892at7088	Complete	M4	1	0
367289at7088	Complete	M4	1	0
465394at7088	Complete	M4	1	0
385440at7088	Complete	M4	1	0
559790at7088	Complete	M4	1	0
529804at7088	Complete	M4	1	0
137569at7088	Complete	M4	1	0
614696at7088	Complete	M4	1	0
518393at7088	Complete	M4	1	0
405091at7088	Complete	M4	1	0
556196at7088	Complete	M4	1	0
486675at7088	Complete	M4	1	0
630426at7088	Complete	M4	1	0
427639at7088	Complete	M4	1	0
517723at7088	Complete	M4	1	0
579319at7088	Complete	M4	1	0
610198at7088	Complete	M4	1	0
635735at7088	Complete	M4	1	0
408792at7088	Complete	M4	1	0
648470at7088	Complete	M4	1	0
589164at7088	Complete	M4	1	0
534354at7088	Complete	M4	1	0
596454at7088	Complete	M4	1	0
655703at7088	Complete	M4	1	0
376649at7088	Complete	M4	1	0
620982at7088	Complete	M4	1	0
268432at7088	Complete	M4	1	0
598937at7088	Complete	M4	1	0
554767at7088	Complete	M4	1	0
586712at7088	Complete	M4	1	0
555470at7088	Complete	M4	1	0
544359at7088	Complete	M4	1	0
333113at7088	Complete	M4	1	0
559228at7088	Complete	M4	1	0
394677at7088	Complete	M4	1	0
554340at7088	Complete	M4	1	0
527409at7088	Complete	M4	1	0
421885at7088	Complete	M4	1	0
159137at7088	Complete	M4	1	0
538405at7088	Complete	M4	1	0
551482at7088	Complete	M4	1	0
216460at7088	Complete	M4	1	0
612352at7088	Complete	M4	1	0
543030at7088	Complete	M4	1	0
626878at7088	Complete	M4	1	0
512396at7088	Complete	M4	1	0
585858at7088	Complete	M4	1	0
136866at7088	Complete	M4	1	0
260646at7088	Complete	M4	1	0
486025at7088	Complete	M4	1	0
308935at7088	Complete	M4	1	0
436332at7088	Complete	M4	1	0
349633at7088	Complete	M4	1	0
586470at7088	Complete	M4	1	0
575922at7088	Complete	M4	1	0
398242at7088	Complete	M4	1	0
524866at7088	Complete	M4	1	0
408597at7088	Complete	M4	1	0
270654at7088	Complete	M4	1	0
410693at7088	Complete	M4	1	0
136634at7088	Complete	M4	1	0
430610at7088	Complete	M4	1	0
607206at7088	Complete	M4	1	0
487874at7088	Complete	M4	1	0
166658at7088	Complete	M4	1	0
506315at7088	Complete	M4	1	0
573427at7088	Complete	M4	1	0
72101at7088	Complete	M4	1	0
362022at7088	Complete	M4	1	0
584249at7088	Complete	M4	1	0
360278at7088	Complete	M4	1	0
578902at7088	Complete	M4	1	0
122142at7088	Complete	M4	1	0
305446at7088	Complete	M4	1	0
564704at7088	Complete	M4	1	0
130421at7088	Complete	M4	1	0
553500at7088	Complete	M4	1	0
574473at7088	Complete	M4	1	0
516882at7088	Complete	M4	1	0
522801at7088	Complete	M4	1	0
469623at7088	Complete	M4	1	0
585913at7088	Complete	M4	1	0
566669at7088	Complete	M4	1	0
110651at7088	Complete	M4	1	0
407643at7088	Complete	M4	1	0
310003at7088	Complete	M4	1	0
598624at7088	Complete	M4	1	0
613175at7088	Complete	M4	1	0
211060at7088	Complete	M4	1	0
335815at7088	Complete	M4	1	0
662225at7088	Complete	M4	1	0
636766at7088	Complete	M4	1	0
248106at7088	Complete	M4	1	0
586104at7088	Complete	M4	1	0
261557at7088	Complete	M4	1	0
535090at7088	Complete	M4	1	0
156037at7088	Complete	M4	1	0
627811at7088	Complete	M4	1	0
594696at7088	Complete	M4	1	0
483383at7088	Complete	M4	1	0
258579at7088	Complete	M4	1	0
476124at7088	Complete	M4	1	0
607771at7088	Complete	M4	1	0
654686at7088	Complete	M4	1	0
522552at7088	Complete	M4	1	0
341041at7088	Complete	M4	1	0
204965at7088	Complete	M4	1	0
325494at7088	Complete	M4	1	0
457731at7088	Complete	M4	1	0
209016at7088	Complete	M4	1	0
468203at7088	Complete	M4	1	0
136714at7088	Complete	M4	1	0
572064at7088	Complete	M4	1	0
263732at7088	Complete	M4	1	0
572002at7088	Complete	M4	1	0
268359at7088	Complete	M4	1	0
351746at7088	Complete	M4	1	0
649922at7088	Complete	M4	1	0
114661at7088	Complete	M4	1	0
396532at7088	Complete	M4	1	0
635572at7088	Complete	M4	1	0
587208at7088	Complete	M4	1	0
439235at7088	Complete	M4	1	0
575807at7088	Complete	M4	1	0
551806at7088	Complete	M4	1	0
243235at7088	Complete	M4	1	0
279931at7088	Complete	M4	1	0
489911at7088	Complete	M4	1	0
599576at7088	Complete	M4	1	0
423358at7088	Complete	M4	1	0
638701at7088	Complete	M4	1	0
348059at7088	Complete	M4	1	0
599703at7088	Complete	M4	1	0
528454at7088	Complete	M4	1	0
609911at7088	Complete	M4	1	0
431871at7088	Complete	M4	1	0
398941at7088	Complete	M4	1	0
164942at7088	Complete	M4	1	0
516352at7088	Complete	M4	1	0
481577at7088	Complete	M4	1	0
329441at7088	Complete	M4	1	0
559614at7088	Complete	M4	1	0
277622at7088	Complete	M4	1	0
376914at7088	Complete	M4	1	0
378855at7088	Complete	M4	1	0
612050at7088	Complete	M4	1	0
220275at7088	Complete	M4	1	0
476979at7088	Complete	M4	1	0
611057at7088	Complete	M4	1	0
619747at7088	Complete	M4	1	0
537994at7088	Complete	M4	1	0
407398at7088	Complete	M4	1	0
448316at7088	Complete	M4	1	0
549836at7088	Complete	M4	1	0
555820at7088	Complete	M4	1	0
341184at7088	Complete	M7	1	0
444402at7088	Complete	M7	1	0
208358at7088	Complete	M7	1	0
456117at7088	Complete	M7	1	0
379383at7088	Complete	M7	1	0
115043at7088	Complete	M7	1	0
483213at7088	Complete	M7	1	0
485588at7088	Complete	M7	1	0
443990at7088	Complete	M7	1	0
602081at7088	Complete	M7	1	0
608209at7088	Complete	M7	1	0
376249at7088	Complete	M7	1	0
306612at7088	Complete	M7	1	0
375601at7088	Complete	M7	1	0
390618at7088	Complete	M7	1	0
495774at7088	Complete	M7	1	0
444540at7088	Complete	M7	1	0
633443at7088	Complete	M7	1	0
200074at7088	Complete	M7	1	0
156795at7088	Complete	M7	1	0
532117at7088	Complete	M7	1	0
662759at7088	Complete	M7	1	0
564611at7088	Complete	M7	1	0
498339at7088	Complete	M7	1	0
182219at7088	Complete	M7	1	0
490922at7088	Complete	M7	1	0
514508at7088	Complete	M7	1	0
335689at7088	Complete	M7	1	0
190845at7088	Complete	M7	1	0
484314at7088	Complete	M7	1	0
516034at7088	Complete	M7	1	0
270549at7088	Complete	M7	1	0
523859at7088	Complete	M7	1	0
490724at7088	Complete	M7	1	0
491407at7088	Complete	M7	1	0
486457at7088	Complete	M7	1	0
444934at7088	Complete	M7	1	0
390722at7088	Complete	M7	1	0
493539at7088	Complete	M7	1	0
261261at7088	Complete	M7	1	0
206955at7088	Complete	M7	1	0
321771at7088	Complete	M7	1	0
289893at7088	Complete	M7	1	0
333236at7088	Complete	M7	1	0
398805at7088	Complete	M7	1	0
236885at7088	Complete	M7	1	0
531332at7088	Complete	M7	1	0
571542at7088	Complete	M7	1	0
478184at7088	Complete	M7	1	0
320775at7088	Complete	M7	1	0
242955at7088	Complete	M7	1	0
435529at7088	Complete	M7	1	0
451561at7088	Complete	M7	1	0
594115at7088	Complete	M7	1	0
574146at7088	Complete	M7	1	0
335084at7088	Complete	M7	1	0
575346at7088	Complete	M7	1	0
569551at7088	Complete	M7	1	0
550887at7088	Complete	M7	1	0
589743at7088	Complete	M7	1	0
241399at7088	Complete	M7	1	0
636938at7088	Complete	M7	1	0
276687at7088	Complete	M7	1	0
492384at7088	Complete	M7	1	0
187296at7088	Complete	M7	1	0
89019at7088	Complete	M7	1	0
206635at7088	Complete	M7	1	0
465197at7088	Complete	M7	1	0
398568at7088	Complete	M7	1	0
496973at7088	Complete	M7	1	0
173107at7088	Complete	M7	1	0
646396at7088	Complete	M7	1	0
520121at7088	Complete	M7	1	0
367874at7088	Complete	M7	1	0
432976at7088	Complete	M7	1	0
135047at7088	Complete	M7	1	0
393417at7088	Complete	M7	1	0
635169at7088	Complete	M7	1	0
266401at7088	Complete	M7	1	0
334621at7088	Complete	M7	1	0
613722at7088	Complete	M7	1	0
152816at7088	Complete	M7	1	0
630745at7088	Complete	M7	1	0
441202at7088	Complete	M7	1	0
559099at7088	Complete	M7	1	0
121360at7088	Complete	M7	1	0
594498at7088	Complete	M7	1	0
430587at7088	Complete	M7	1	0
277184at7088	Complete	M7	1	0
569807at7088	Complete	M7	1	0
426629at7088	Complete	M7	1	0
113487at7088	Complete	M7	1	0
575667at7088	Complete	M7	1	0
623473at7088	Complete	M7	1	0
551250at7088	Complete	M7	1	0
450786at7088	Complete	M7	1	0
627070at7088	Complete	M7	1	0
556730at7088	Complete	M7	1	0
315376at7088	Complete	M7	1	0
457893at7088	Complete	M7	1	0
526607at7088	Complete	M7	1	0
376603at7088	Complete	M7	1	0
609337at7088	Complete	M7	1	0
528942at7088	Complete	M7	1	0
579700at7088	Complete	M7	1	0
487573at7088	Complete	M7	1	0
459279at7088	Complete	M7	1	0
650595at7088	Complete	M7	1	0
634123at7088	Complete	M7	1	0
554109at7088	Complete	M7	1	0
553915at7088	Complete	M7	1	0
403380at7088	Complete	M7	1	0
246595at7088	Complete	M7	1	0
290004at7088	Complete	M7	1	0
632501at7088	Complete	M7	1	0
415951at7088	Complete	M7	1	0
124973at7088	Complete	M7	1	0
596481at7088	Complete	M7	1	0
352343at7088	Complete	M7	1	0
356275at7088	Complete	M7	1	0
283047at7088	Complete	M7	1	0
470093at7088	Complete	M7	1	0
131220at7088	Complete	M7	1	0
639622at7088	Complete	M7	1	0
574457at7088	Complete	M7	1	0
653046at7088	Complete	M7	1	0
411885at7088	Complete	M7	1	0
195102at7088	Complete	M7	1	0
607776at7088	Complete	M7	1	0
501439at7088	Complete	M7	1	0
283241at7088	Complete	M7	1	0
136851at7088	Complete	M7	1	0
472398at7088	Complete	M7	1	0
386017at7088	Complete	M7	1	0
247781at7088	Complete	M7	1	0
298161at7088	Complete	M7	1	0
562260at7088	Complete	M7	1	0
456405at7088	Complete	M7	1	0
357093at7088	Complete	M7	1	0
468430at7088	Complete	M7	1	0
486971at7088	Complete	M7	1	0
363400at7088	Complete	M7	1	0
610356at7088	Complete	M7	1	0
402203at7088	Complete	M7	1	0
434612at7088	Complete	M7	1	0
539884at7088	Complete	M7	1	0
356734at7088	Complete	M7	1	0
551183at7088	Complete	M7	1	0
545260at7088	Complete	M7	1	0
395768at7088	Complete	M7	1	0
189585at7088	Complete	M7	1	0
520839at7088	Complete	M7	1	0
574987at7088	Complete	M7	1	0
192515at7088	Complete	M7	1	0
232234at7088	Complete	M7	1	0
611192at7088	Complete	M7	1	0
617001at7088	Complete	M7	1	0
268069at7088	Complete	M7	1	0
481038at7088	Complete	M7	1	0
262406at7088	Complete	M7	1	0
573670at7088	Complete	M7	1	0
655070at7088	Complete	M7	1	0
471393at7088	Complete	M7	1	0
148405at7088	Complete	M7	1	0
155109at7088	Complete	M7	1	0
336298at7088	Complete	M7	1	0
273102at7088	Complete	M7	1	0
389759at7088	Complete	M7	1	0
634324at7088	Complete	M7	1	0
532378at7088	Complete	M7	1	0
468228at7088	Complete	M7	1	0
560594at7088	Complete	M7	1	0
220454at7088	Complete	M7	1	0
298541at7088	Complete	M22	1	0
407705at7088	Complete	M22	1	0
289948at7088	Complete	M22	1	0
55975at7088	Complete	M22	1	0
579312at7088	Complete	M22	1	0
404773at7088	Complete	M22	1	0
475938at7088	Complete	M22	1	0
568592at7088	Complete	M22	1	0
268598at7088	Complete	M22	1	0
546518at7088	Complete	M22	1	0
484892at7088	Complete	M22	1	0
222168at7088	Complete	M22	1	0
473387at7088	Complete	M22	1	0
81440at7088	Complete	M22	1	0
338633at7088	Complete	M22	1	0
643557at7088	Complete	M22	1	0
564743at7088	Complete	M22	1	0
608917at7088	Complete	M22	1	0
624089at7088	Complete	M22	1	0
636710at7088	Complete	M22	1	0
294571at7088	Complete	M22	1	0
491305at7088	Complete	M22	1	0
657997at7088	Complete	M22	1	0
459675at7088	Complete	M22	1	0
391854at7088	Complete	M22	1	0
372957at7088	Complete	M22	1	0
612236at7088	Complete	M22	1	0
365273at7088	Complete	M22	1	0
639261at7088	Complete	M22	1	0
289192at7088	Complete	M22	1	0
556586at7088	Complete	M22	1	0
311016at7088	Complete	M22	1	0
507768at7088	Complete	M22	1	0
642894at7088	Complete	M22	1	0
391046at7088	Complete	M22	1	0
474548at7088	Complete	M22	1	0
593341at7088	Complete	M22	1	0
304962at7088	Complete	M22	1	0
582955at7088	Complete	M22	1	0
364242at7088	Complete	M22	1	0
428893at7088	Complete	M22	1	0
285788at7088	Complete	M22	1	0
434995at7088	Complete	M22	1	0
268645at7088	Complete	M22	1	0
367878at7088	Complete	M22	1	0
340189at7088	Complete	M22	1	0
330137at7088	Complete	M22	1	0
572783at7088	Complete	M22	1	0
169055at7088	Complete	M22	1	0
612607at7088	Complete	M22	1	0
571570at7088	Complete	M22	1	0
127433at7088	Complete	M22	1	0
182019at7088	Complete	M22	1	0
457744at7088	Complete	M22	1	0
441622at7088	Complete	M22	1	0
458220at7088	Complete	M22	1	0
548094at7088	Complete	M22	1	0
570181at7088	Complete	M22	1	0
616095at7088	Complete	M22	1	0
237323at7088	Complete	M22	1	0
634719at7088	Complete	M22	1	0
495095at7088	Complete	M22	1	0
437148at7088	Complete	M22	1	0
321526at7088	Complete	M22	1	0
581485at7088	Complete	M22	1	0
497256at7088	Complete	M22	1	0
151313at7088	Complete	M22	1	0
555529at7088	Complete	M22	1	0
380468at7088	Complete	M22	1	0
586015at7088	Complete	M22	1	0
603725at7088	Complete	M22	1	0
448468at7088	Complete	M22	1	0
329934at7088	Complete	M22	1	0
409566at7088	Complete	M22	1	0
597548at7088	Complete	M22	1	0
386575at7088	Complete	M22	1	0
234345at7088	Complete	M22	1	0
623784at7088	Complete	M22	1	0
655941at7088	Complete	M22	1	0
65526at7088	Complete	M22	1	0
349209at7088	Complete	M22	1	0
317166at7088	Complete	M22	1	0
415726at7088	Complete	M22	1	0
306454at7088	Complete	M22	1	0
490677at7088	Complete	M22	1	0
655472at7088	Complete	M22	1	0
409273at7088	Complete	M22	1	0
379929at7088	Complete	M22	1	0
394351at7088	Complete	M22	1	0
576761at7088	Complete	M22	1	0
221740at7088	Complete	M22	1	0
506195at7088	Complete	M22	1	0
618585at7088	Complete	M22	1	0
614123at7088	Complete	M22	1	0
355739at7088	Complete	M22	1	0
232318at7088	Complete	M22	1	0
285509at7088	Complete	M22	1	0
287463at7088	Complete	M22	1	0
354119at7088	Complete	M22	1	0
559640at7088	Complete	M22	1	0
237091at7088	Complete	M22	1	0
420150at7088	Complete	M22	1	0
194803at7088	Complete	M22	1	0
341626at7088	Complete	M22	1	0
651423at7088	Complete	M22	1	0
359997at7088	Complete	M22	1	0
226828at7088	Complete	M22	1	0
450905at7088	Complete	M22	1	0
405452at7088	Complete	M22	1	0
637866at7088	Complete	M22	1	0
630018at7088	Complete	M22	1	0
498337at7088	Complete	M22	1	0
469313at7088	Complete	M22	1	0
519580at7088	Complete	M6	1	0
484511at7088	Complete	M6	1	0
489315at7088	Complete	M6	1	0
487271at7088	Complete	M6	1	0
273072at7088	Complete	M6	1	0
304963at7088	Complete	M6	1	0
460494at7088	Complete	M6	1	0
540218at7088	Complete	M6	1	0
404457at7088	Complete	M6	1	0
272813at7088	Complete	M6	1	0
415994at7088	Complete	M6	1	0
597025at7088	Complete	M6	1	0
517619at7088	Complete	M6	1	0
165019at7088	Complete	M6	1	0
565376at7088	Complete	M6	1	0
541602at7088	Complete	M6	1	0
599387at7088	Complete	M6	1	0
167241at7088	Complete	M6	1	0
449336at7088	Complete	M6	1	0
538103at7088	Complete	M6	1	0
601318at7088	Complete	M6	1	0
478236at7088	Complete	M6	1	0
563000at7088	Complete	M6	1	0
609277at7088	Complete	M6	1	0
644216at7088	Complete	M6	1	0
251724at7088	Complete	M6	1	0
226120at7088	Complete	M6	1	0
206558at7088	Complete	M6	1	0
583155at7088	Complete	M6	1	0
647526at7088	Complete	M6	1	0
372588at7088	Complete	M6	1	0
624081at7088	Complete	M6	1	0
543101at7088	Complete	M6	1	0
255610at7088	Complete	M6	1	0
318936at7088	Complete	M6	1	0
639251at7088	Complete	M6	1	0
224013at7088	Complete	M6	1	0
504795at7088	Complete	M6	1	0
510435at7088	Complete	M6	1	0
548098at7088	Complete	M6	1	0
505815at7088	Complete	M6	1	0
568761at7088	Complete	M6	1	0
415060at7088	Complete	M6	1	0
342086at7088	Complete	M6	1	0
441804at7088	Complete	M6	1	0
535891at7088	Complete	M6	1	0
527471at7088	Complete	M6	1	0
567915at7088	Complete	M6	1	0
327499at7088	Complete	M6	1	0
471837at7088	Complete	M6	1	0
636230at7088	Complete	M6	1	0
615693at7088	Complete	M6	1	0
255791at7088	Complete	M6	1	0
634082at7088	Complete	M6	1	0
503998at7088	Complete	M6	1	0
309645at7088	Complete	M6	1	0
436083at7088	Complete	M6	1	0
382552at7088	Complete	M6	1	0
542632at7088	Complete	M6	1	0
638585at7088	Complete	M6	1	0
411849at7088	Complete	M6	1	0
651606at7088	Complete	M6	1	0
552038at7088	Complete	M6	1	0
198236at7088	Complete	M6	1	0
353203at7088	Complete	M6	1	0
505930at7088	Complete	M6	1	0
661326at7088	Complete	M6	1	0
396155at7088	Complete	M6	1	0
611993at7088	Complete	M6	1	0
589611at7088	Complete	M6	1	0
300294at7088	Complete	M6	1	0
585310at7088	Complete	M6	1	0
576098at7088	Complete	M6	1	0
452692at7088	Complete	M6	1	0
490786at7088	Complete	M6	1	0
372208at7088	Complete	M6	1	0
584286at7088	Complete	M6	1	0
515536at7088	Complete	M6	1	0
632160at7088	Complete	M6	1	0
294142at7088	Complete	M6	1	0
651239at7088	Complete	M6	1	0
516202at7088	Complete	M6	1	0
461049at7088	Complete	M6	1	0
365516at7088	Complete	M6	1	0
8111at7088	Complete	M6	1	0
480266at7088	Complete	M6	1	0
407253at7088	Complete	M6	1	0
363587at7088	Complete	M6	1	0
162683at7088	Complete	M6	1	0
516690at7088	Complete	M6	1	0
409331at7088	Complete	M6	1	0
247812at7088	Complete	M6	1	0
615202at7088	Complete	M6	1	0
562168at7088	Complete	M6	1	0
541776at7088	Complete	M6	1	0
579430at7088	Complete	M6	1	0
573482at7088	Complete	M6	1	0
518086at7088	Complete	M6	1	0
502516at7088	Complete	M6	1	0
158724at7088	Complete	M6	1	0
340059at7088	Complete	M6	1	0
256228at7088	Complete	M6	1	0
351739at7088	Complete	M6	1	0
541521at7088	Complete	M6	1	0
234067at7088	Complete	M6	1	0
535035at7088	Complete	M6	1	0
483443at7088	Complete	M6	1	0
341691at7088	Complete	M6	1	0
511688at7088	Complete	M6	1	0
494916at7088	Complete	M6	1	0
473708at7088	Complete	M6	1	0
584333at7088	Complete	M6	1	0
367155at7088	Complete	M6	1	0
509806at7088	Complete	M6	1	0
596276at7088	Complete	M6	1	0
191070at7088	Complete	M6	1	0
539318at7088	Complete	M6	1	0
492286at7088	Complete	M6	1	0
638714at7088	Complete	M6	1	0
174003at7088	Complete	M6	1	0
604611at7088	Complete	M6	1	0
621110at7088	Complete	M6	1	0
488560at7088	Complete	M6	1	0
276700at7088	Complete	M6	1	0
477591at7088	Complete	M6	1	0
588350at7088	Complete	M6	1	0
355150at7088	Complete	M6	1	0
647937at7088	Complete	M6	1	0
313914at7088	Complete	M6	1	0
410439at7088	Complete	M6	1	0
316728at7088	Complete	M6	1	0
560454at7088	Complete	M6	1	0
467524at7088	Complete	M6	1	0
614131at7088	Complete	M6	1	0
291435at7088	Complete	M6	1	0
468030at7088	Complete	M6	1	0
446493at7088	Complete	M6	1	0
582769at7088	Complete	M6	1	0
365660at7088	Complete	M6	1	0
434854at7088	Complete	M6	1	0
501828at7088	Complete	M6	1	0
495749at7088	Complete	M6	1	0
123197at7088	Complete	M6	1	0
446515at7088	Complete	M6	1	0
436219at7088	Complete	M6	1	0
359115at7088	Complete	M6	1	0
218660at7088	Complete	M6	1	0
447471at7088	Complete	M6	1	0
587520at7088	Complete	M6	1	0
423896at7088	Complete	M6	1	0
116759at7088	Complete	M6	1	0
190809at7088	Complete	M6	1	0
349518at7088	Complete	M6	1	0
412360at7088	Complete	M6	1	0
171121at7088	Complete	M6	1	0
652564at7088	Complete	M6	1	0
535488at7088	Complete	M6	1	0
130191at7088	Complete	M6	1	0
447830at7088	Complete	M6	1	0
109721at7088	Complete	M6	1	0
528024at7088	Complete	M6	1	0
337318at7088	Complete	M6	1	0
628236at7088	Complete	M6	1	0
420009at7088	Complete	M6	1	0
566629at7088	Complete	M6	1	0
484800at7088	Complete	M6	1	0
385593at7088	Complete	M6	1	0
361388at7088	Complete	M6	1	0
642066at7088	Complete	M6	1	0
196486at7088	Complete	M6	1	0
319408at7088	Complete	M6	1	0
342243at7088	Complete	M6	1	0
215728at7088	Complete	M6	1	0
366166at7088	Complete	M6	1	0
564682at7088	Complete	M6	1	0
234147at7088	Complete	M6	1	0
344779at7088	Complete	M6	1	0
152466at7088	Complete	M6	1	0
575505at7088	Complete	M6	1	0
188765at7088	Complete	M6	1	0
393521at7088	Complete	M6	1	0
593404at7088	Complete	M6	1	0
515818at7088	Complete	M6	1	0
386710at7088	Complete	M6	1	0
328225at7088	Complete	M6	1	0
433476at7088	Complete	M6	1	0
474443at7088	Complete	M6	1	0
77842at7088	Complete	M6	1	0
602236at7088	Complete	M6	1	0
619959at7088	Complete	M6	1	0
594421at7088	Complete	M10	1	0
485032at7088	Complete	M10	1	0
484181at7088	Complete	M10	1	0
646475at7088	Complete	M10	1	0
635271at7088	Complete	M10	1	0
606019at7088	Complete	M10	1	0
339763at7088	Complete	M10	1	0
616200at7088	Complete	M10	1	0
110079at7088	Complete	M10	1	0
475205at7088	Complete	M10	1	0
468868at7088	Complete	M10	1	0
475110at7088	Complete	M10	1	0
568975at7088	Complete	M10	1	0
337340at7088	Complete	M10	1	0
411788at7088	Complete	M10	1	0
498249at7088	Complete	M10	1	0
504798at7088	Complete	M10	1	0
399725at7088	Complete	M10	1	0
612654at7088	Complete	M10	1	0
469270at7088	Complete	M10	1	0
456809at7088	Complete	M10	1	0
318503at7088	Complete	M10	1	0
532806at7088	Complete	M10	1	0
459514at7088	Complete	M10	1	0
554017at7088	Complete	M10	1	0
558290at7088	Complete	M10	1	0
490021at7088	Complete	M10	1	0
256201at7088	Complete	M10	1	0
516239at7088	Complete	M10	1	0
541060at7088	Complete	M10	1	0
70404at7088	Complete	M10	1	0
453617at7088	Complete	M10	1	0
378194at7088	Complete	M10	1	0
247951at7088	Complete	M10	1	0
450722at7088	Complete	M10	1	0
489117at7088	Complete	M10	1	0
319448at7088	Complete	M10	1	0
590340at7088	Complete	M10	1	0
442701at7088	Complete	M10	1	0
558566at7088	Complete	M10	1	0
593119at7088	Complete	M10	1	0
322316at7088	Complete	M10	1	0
458299at7088	Complete	M10	1	0
571737at7088	Complete	M10	1	0
621680at7088	Complete	M10	1	0
619574at7088	Complete	M10	1	0
542982at7088	Complete	M10	1	0
635775at7088	Complete	M10	1	0
547046at7088	Complete	M10	1	0
213337at7088	Complete	M10	1	0
622969at7088	Complete	M10	1	0
612071at7088	Complete	M10	1	0
208420at7088	Complete	M10	1	0
579326at7088	Complete	M10	1	0
122021at7088	Complete	M10	1	0
151398at7088	Complete	M10	1	0
453934at7088	Complete	M10	1	0
141202at7088	Complete	M10	1	0
387483at7088	Complete	M10	1	0
321941at7088	Complete	M10	1	0
177650at7088	Complete	M10	1	0
64528at7088	Complete	M10	1	0
144469at7088	Complete	M10	1	0
655867at7088	Complete	M10	1	0
536653at7088	Complete	M10	1	0
153374at7088	Complete	M10	1	0
367371at7088	Complete	M10	1	0
629806at7088	Complete	M10	1	0
544328at7088	Complete	M10	1	0
411040at7088	Complete	M10	1	0
364453at7088	Complete	M10	1	0
161120at7088	Complete	M10	1	0
225578at7088	Complete	M10	1	0
502433at7088	Complete	M10	1	0
539038at7088	Complete	M10	1	0
506430at7088	Complete	M10	1	0
160702at7088	Complete	M10	1	0
528257at7088	Complete	M10	1	0
151819at7088	Complete	M10	1	0
590210at7088	Complete	M10	1	0
637577at7088	Complete	M10	1	0
523053at7088	Complete	M10	1	0
370278at7088	Complete	M10	1	0
411880at7088	Complete	M10	1	0
555037at7088	Complete	M10	1	0
483600at7088	Complete	M10	1	0
451251at7088	Complete	M10	1	0
647768at7088	Complete	M10	1	0
500833at7088	Complete	M10	1	0
503227at7088	Complete	M10	1	0
393559at7088	Complete	M10	1	0
628828at7088	Complete	M10	1	0
383865at7088	Complete	M10	1	0
347258at7088	Complete	M10	1	0
268756at7088	Complete	M10	1	0
278711at7088	Complete	M10	1	0
476858at7088	Complete	M10	1	0
478988at7088	Complete	M10	1	0
566354at7088	Complete	M10	1	0
372929at7088	Complete	M10	1	0
135284at7088	Complete	M10	1	0
341794at7088	Complete	M10	1	0
329723at7088	Complete	M10	1	0
348565at7088	Complete	M10	1	0
209626at7088	Complete	M10	1	0
370592at7088	Complete	M10	1	0
457048at7088	Complete	M10	1	0
624789at7088	Complete	M10	1	0
254023at7088	Complete	M10	1	0
150841at7088	Complete	M10	1	0
486046at7088	Complete	M10	1	0
578129at7088	Complete	M10	1	0
349669at7088	Complete	M10	1	0
577595at7088	Complete	M10	1	0
118054at7088	Complete	M10	1	0
226338at7088	Complete	M10	1	0
313543at7088	Complete	M10	1	0
452036at7088	Complete	M10	1	0
337784at7088	Complete	M10	1	0
226634at7088	Complete	M10	1	0
635389at7088	Complete	M10	1	0
391249at7088	Complete	M10	1	0
446118at7088	Complete	M10	1	0
600044at7088	Complete	M10	1	0
228448at7088	Complete	M10	1	0
209348at7088	Complete	M10	1	0
250134at7088	Complete	M10	1	0
486206at7088	Complete	M10	1	0
577681at7088	Complete	M10	1	0
521510at7088	Complete	M10	1	0
481656at7088	Complete	M10	1	0
88589at7088	Complete	M10	1	0
643001at7088	Complete	M10	1	0
68985at7088	Complete	M10	1	0
579854at7088	Complete	M10	1	0
395955at7088	Complete	M10	1	0
367368at7088	Complete	M10	1	0
620873at7088	Complete	M10	1	0
579886at7088	Complete	M10	1	0
659136at7088	Complete	M10	1	0
181952at7088	Complete	M10	1	0
631891at7088	Complete	M10	1	0
609818at7088	Complete	M10	1	0
372981at7088	Complete	M10	1	0
405634at7088	Complete	M10	1	0
503615at7088	Complete	M10	1	0
154824at7088	Complete	M10	1	0
627395at7088	Complete	M10	1	0
375480at7088	Complete	M10	1	0
447261at7088	Complete	M10	1	0
311962at7088	Complete	M10	1	0
418650at7088	Complete	M10	1	0
373147at7088	Complete	M10	1	0
350899at7088	Complete	M10	1	0
636696at7088	Complete	M10	1	0
597545at7088	Complete	M10	1	0
587251at7088	Complete	M18	1	0
177999at7088	Complete	M18	1	0
656816at7088	Complete	M18	1	0
567672at7088	Complete	M18	1	0
527164at7088	Complete	M18	1	0
547628at7088	Complete	M18	1	0
541465at7088	Complete	M18	1	0
197092at7088	Complete	M18	1	0
457750at7088	Complete	M18	1	0
357035at7088	Complete	M18	1	0
281649at7088	Complete	M18	1	0
217202at7088	Complete	M18	1	0
449735at7088	Complete	M18	1	0
230431at7088	Complete	M18	1	0
452634at7088	Complete	M18	1	0
240141at7088	Complete	M18	1	0
618421at7088	Complete	M18	1	0
606613at7088	Complete	M18	1	0
110465at7088	Complete	M18	1	0
596456at7088	Complete	M18	1	0
396350at7088	Complete	M18	1	0
214575at7088	Complete	M18	1	0
340883at7088	Complete	M18	1	0
597976at7088	Complete	M18	1	0
508924at7088	Complete	M18	1	0
334930at7088	Complete	M18	1	0
553176at7088	Complete	M18	1	0
613316at7088	Complete	M18	1	0
481362at7088	Complete	M18	1	0
555397at7088	Complete	M18	1	0
225350at7088	Complete	M18	1	0
40780at7088	Complete	M18	1	0
485341at7088	Complete	M18	1	0
632645at7088	Complete	M18	1	0
485524at7088	Complete	M18	1	0
449481at7088	Complete	M18	1	0
616817at7088	Complete	M18	1	0
517399at7088	Complete	M18	1	0
625181at7088	Complete	M18	1	0
370586at7088	Complete	M18	1	0
595802at7088	Complete	M18	1	0
601553at7088	Complete	M18	1	0
66144at7088	Complete	M18	1	0
343408at7088	Complete	M18	1	0
605685at7088	Complete	M18	1	0
567779at7088	Complete	M18	1	0
620688at7088	Complete	M18	1	0
347866at7088	Complete	M18	1	0
337511at7088	Complete	M18	1	0
506201at7088	Complete	M18	1	0
502954at7088	Complete	M18	1	0
498169at7088	Complete	M18	1	0
468090at7088	Complete	M18	1	0
301353at7088	Complete	M18	1	0
578973at7088	Complete	M18	1	0
459536at7088	Complete	M18	1	0
531320at7088	Complete	M18	1	0
259218at7088	Complete	M18	1	0
578186at7088	Complete	M18	1	0
615380at7088	Complete	M18	1	0
508737at7088	Complete	M18	1	0
341222at7088	Complete	M18	1	0
522423at7088	Complete	M18	1	0
599158at7088	Complete	M18	1	0
323635at7088	Complete	M18	1	0
268116at7088	Complete	M18	1	0
644862at7088	Complete	M18	1	0
387341at7088	Complete	M18	1	0
368822at7088	Complete	M18	1	0
624349at7088	Complete	M18	1	0
557146at7088	Complete	M18	1	0
177956at7088	Complete	M18	1	0
516254at7088	Complete	M18	1	0
604230at7088	Complete	M18	1	0
449957at7088	Complete	M18	1	0
312004at7088	Complete	M18	1	0
437999at7088	Complete	M18	1	0
289556at7088	Complete	M18	1	0
533979at7088	Complete	M18	1	0
311717at7088	Complete	M18	1	0
110247at7088	Complete	M18	1	0
622204at7088	Complete	M18	1	0
142521at7088	Complete	M18	1	0
396636at7088	Complete	M18	1	0
167147at7088	Complete	M18	1	0
448196at7088	Complete	M18	1	0
264165at7088	Complete	M18	1	0
601009at7088	Complete	M18	1	0
618037at7088	Complete	M18	1	0
462320at7088	Complete	M18	1	0
357654at7088	Complete	M18	1	0
526930at7088	Complete	M18	1	0
302263at7088	Complete	M18	1	0
278978at7088	Complete	M18	1	0
330010at7088	Complete	M18	1	0
601491at7088	Complete	M18	1	0
157154at7088	Complete	M18	1	0
329837at7088	Complete	M18	1	0
152954at7088	Complete	M18	1	0
353255at7088	Complete	M18	1	0
523458at7088	Complete	M18	1	0
645003at7088	Complete	M18	1	0
576748at7088	Complete	M18	1	0
443613at7088	Complete	M18	1	0
504152at7088	Complete	M18	1	0
561959at7088	Complete	M18	1	0
658572at7088	Complete	M18	1	0
497646at7088	Complete	M18	1	0
199501at7088	Complete	M18	1	0
570724at7088	Complete	M18	1	0
179819at7088	Complete	M18	1	0
95327at7088	Complete	M18	1	0
478106at7088	Complete	M18	1	0
656671at7088	Complete	M18	1	0
378074at7088	Complete	M18	1	0
513436at7088	Complete	M18	1	0
601549at7088	Complete	M18	1	0
382612at7088	Complete	M18	1	0
535635at7088	Complete	M18	1	0
487300at7088	Complete	M16	1	0
547777at7088	Complete	M16	1	0
481817at7088	Complete	M16	1	0
562321at7088	Complete	M16	1	0
513061at7088	Complete	M16	1	0
533947at7088	Complete	M16	1	0
335685at7088	Complete	M16	1	0
501183at7088	Complete	M16	1	0
564384at7088	Complete	M16	1	0
422770at7088	Complete	M16	1	0
524128at7088	Complete	M16	1	0
504658at7088	Complete	M16	1	0
190612at7088	Complete	M16	1	0
410894at7088	Complete	M16	1	0
50387at7088	Complete	M16	1	0
495936at7088	Complete	M16	1	0
580767at7088	Complete	M16	1	0
654743at7088	Complete	M16	1	0
439330at7088	Complete	M16	1	0
356572at7088	Complete	M16	1	0
444319at7088	Complete	M16	1	0
537181at7088	Complete	M16	1	0
212357at7088	Complete	M16	1	0
579981at7088	Complete	M16	1	0
620126at7088	Complete	M16	1	0
534101at7088	Complete	M16	1	0
504973at7088	Complete	M16	1	0
460557at7088	Complete	M16	1	0
151606at7088	Complete	M16	1	0
182638at7088	Complete	M16	1	0
632954at7088	Complete	M16	1	0
355061at7088	Complete	M16	1	0
638624at7088	Complete	M16	1	0
653478at7088	Complete	M16	1	0
367980at7088	Complete	M16	1	0
355831at7088	Complete	M16	1	0
466312at7088	Complete	M16	1	0
547116at7088	Complete	M16	1	0
462278at7088	Complete	M16	1	0
537624at7088	Complete	M16	1	0
508389at7088	Complete	M16	1	0
437670at7088	Complete	M16	1	0
598814at7088	Complete	M16	1	0
466197at7088	Complete	M16	1	0
325996at7088	Complete	M16	1	0
499771at7088	Complete	M16	1	0
499972at7088	Complete	M16	1	0
550888at7088	Complete	M16	1	0
335554at7088	Complete	M16	1	0
532778at7088	Complete	M16	1	0
531223at7088	Complete	M16	1	0
238703at7088	Complete	M16	1	0
493668at7088	Complete	M16	1	0
536138at7088	Complete	M16	1	0
584390at7088	Complete	M16	1	0
80054at7088	Complete	M16	1	0
545565at7088	Complete	M16	1	0
385636at7088	Complete	M16	1	0
512905at7088	Complete	M16	1	0
640183at7088	Complete	M16	1	0
289093at7088	Complete	M16	1	0
337090at7088	Complete	M16	1	0
614826at7088	Complete	M16	1	0
282928at7088	Complete	M16	1	0
318705at7088	Complete	M16	1	0
199455at7088	Complete	M16	1	0
495754at7088	Complete	M16	1	0
306909at7088	Complete	M16	1	0
420042at7088	Complete	M16	1	0
434245at7088	Complete	M16	1	0
391809at7088	Complete	M16	1	0
118927at7088	Complete	M16	1	0
493603at7088	Complete	M16	1	0
473217at7088	Complete	M16	1	0
473429at7088	Complete	M16	1	0
298323at7088	Complete	M16	1	0
332293at7088	Complete	M16	1	0
381249at7088	Complete	M16	1	0
500974at7088	Complete	M16	1	0
203156at7088	Complete	M16	1	0
462143at7088	Complete	M16	1	0
536540at7088	Complete	M16	1	0
495035at7088	Complete	M16	1	0
644339at7088	Complete	M16	1	0
540542at7088	Complete	M16	1	0
418400at7088	Complete	M16	1	0
153945at7088	Complete	M16	1	0
552889at7088	Complete	M16	1	0
161597at7088	Complete	M16	1	0
339371at7088	Complete	M16	1	0
218665at7088	Complete	M16	1	0
306778at7088	Complete	M16	1	0
623862at7088	Complete	M16	1	0
465940at7088	Complete	M16	1	0
227536at7088	Complete	M16	1	0
399414at7088	Complete	M16	1	0
588452at7088	Complete	M16	1	0
348093at7088	Complete	M16	1	0
642237at7088	Complete	M16	1	0
324851at7088	Complete	M16	1	0
499313at7088	Complete	M16	1	0
464162at7088	Complete	M16	1	0
501497at7088	Complete	M16	1	0
130551at7088	Complete	M16	1	0
490258at7088	Complete	M16	1	0
663065at7088	Complete	M16	1	0
241742at7088	Complete	M16	1	0
449540at7088	Complete	M16	1	0
468760at7088	Complete	M16	1	0
617481at7088	Complete	M16	1	0
484576at7088	Complete	M16	1	0
406938at7088	Complete	M16	1	0
520562at7088	Complete	M16	1	0
453683at7088	Complete	M16	1	0
491656at7088	Complete	M16	1	0
564182at7088	Complete	M16	1	0
535071at7088	Complete	M16	1	0
481948at7088	Complete	M16	1	0
574008at7088	Complete	M16	1	0
257424at7088	Complete	M16	1	0
523214at7088	Complete	M16	1	0
610678at7088	Complete	M16	1	0
373841at7088	Complete	M16	1	0
430290at7088	Complete	M16	1	0
455348at7088	Complete	M16	1	0
397595at7088	Complete	M16	1	0
167822at7088	Complete	M16	1	0
355126at7088	Complete	M16	1	0
423851at7088	Complete	M16	1	0
243530at7088	Complete	M16	1	0
547949at7088	Complete	M16	1	0
485598at7088	Complete	M16	1	0
274253at7088	Complete	M16	1	0
632575at7088	Complete	M16	1	0
407725at7088	Complete	M16	1	0
450590at7088	Complete	M16	1	0
520841at7088	Complete	M16	1	0
161064at7088	Complete	M16	1	0
490621at7088	Complete	M16	1	0
22485at7088	Complete	M16	1	0
447514at7088	Complete	M16	1	0
569797at7088	Complete	M16	1	0
647477at7088	Complete	M13	1	0
450485at7088	Complete	M13	1	0
484901at7088	Complete	M13	1	0
541990at7088	Complete	M13	1	0
323333at7088	Complete	M13	1	0
410152at7088	Complete	M13	1	0
214119at7088	Complete	M13	1	0
323299at7088	Complete	M13	1	0
510993at7088	Complete	M13	1	0
620885at7088	Complete	M13	1	0
550129at7088	Complete	M13	1	0
652433at7088	Complete	M13	1	0
300570at7088	Complete	M13	1	0
555220at7088	Complete	M13	1	0
353801at7088	Complete	M13	1	0
266287at7088	Complete	M13	1	0
295708at7088	Complete	M13	1	0
167464at7088	Complete	M13	1	0
436595at7088	Complete	M13	1	0
195449at7088	Complete	M13	1	0
292114at7088	Complete	M13	1	0
534526at7088	Complete	M13	1	0
591659at7088	Complete	M13	1	0
361162at7088	Complete	M13	1	0
631918at7088	Complete	M13	1	0
535950at7088	Complete	M13	1	0
544571at7088	Complete	M13	1	0
435943at7088	Complete	M13	1	0
258025at7088	Complete	M13	1	0
632172at7088	Complete	M13	1	0
311960at7088	Complete	M13	1	0
644958at7088	Complete	M13	1	0
641347at7088	Complete	M13	1	0
256002at7088	Complete	M13	1	0
213214at7088	Complete	M13	1	0
332517at7088	Complete	M13	1	0
542145at7088	Complete	M13	1	0
341902at7088	Complete	M13	1	0
400794at7088	Complete	M13	1	0
405932at7088	Complete	M13	1	0
418960at7088	Complete	M13	1	0
654320at7088	Complete	M13	1	0
197712at7088	Complete	M13	1	0
633500at7088	Complete	M13	1	0
351302at7088	Complete	M13	1	0
558621at7088	Complete	M13	1	0
529556at7088	Complete	M13	1	0
302267at7088	Complete	M13	1	0
488901at7088	Complete	M13	1	0
221773at7088	Complete	M13	1	0
520341at7088	Complete	M13	1	0
423304at7088	Complete	M13	1	0
435386at7088	Complete	M13	1	0
355314at7088	Complete	M13	1	0
304479at7088	Complete	M13	1	0
488427at7088	Complete	M13	1	0
159007at7088	Complete	M13	1	0
498042at7088	Complete	M13	1	0
306366at7088	Complete	M13	1	0
434215at7088	Complete	M13	1	0
181107at7088	Complete	M13	1	0
308729at7088	Complete	M13	1	0
510410at7088	Complete	M13	1	0
503470at7088	Complete	M13	1	0
434810at7088	Complete	M13	1	0
553527at7088	Complete	M13	1	0
548732at7088	Complete	M13	1	0
522566at7088	Complete	M13	1	0
305372at7088	Complete	M13	1	0
598146at7088	Complete	M13	1	0
630324at7088	Complete	M13	1	0
590337at7088	Complete	M13	1	0
498163at7088	Complete	M13	1	0
483568at7088	Complete	M13	1	0
529455at7088	Complete	M13	1	0
131559at7088	Complete	M13	1	0
399473at7088	Complete	M13	1	0
273833at7088	Complete	M13	1	0
374694at7088	Complete	M13	1	0
466970at7088	Complete	M13	1	0
367285at7088	Complete	M13	1	0
588237at7088	Complete	M13	1	0
443499at7088	Complete	M13	1	0
542427at7088	Complete	M13	1	0
390028at7088	Complete	M13	1	0
426065at7088	Complete	M13	1	0
482573at7088	Complete	M13	1	0
356096at7088	Complete	M13	1	0
251440at7088	Complete	M13	1	0
416589at7088	Complete	M13	1	0
466470at7088	Complete	M13	1	0
584468at7088	Complete	M13	1	0
591100at7088	Complete	M13	1	0
123616at7088	Complete	M13	1	0
284916at7088	Complete	M13	1	0
242057at7088	Complete	M13	1	0
400348at7088	Complete	M13	1	0
638470at7088	Complete	M13	1	0
544544at7088	Complete	M13	1	0
623589at7088	Complete	M13	1	0
410087at7088	Complete	M13	1	0
495236at7088	Complete	M13	1	0
375634at7088	Complete	M13	1	0
164443at7088	Complete	M13	1	0
87501at7088	Complete	M13	1	0
539389at7088	Complete	M13	1	0
640465at7088	Complete	M13	1	0
551425at7088	Complete	M13	1	0
605269at7088	Complete	M13	1	0
143416at7088	Complete	M13	1	0
361806at7088	Complete	M13	1	0
557583at7088	Complete	M13	1	0
654703at7088	Complete	M13	1	0
435698at7088	Complete	M13	1	0
314429at7088	Complete	M13	1	0
376965at7088	Complete	M13	1	0
255600at7088	Complete	M13	1	0
394664at7088	Complete	M13	1	0
276002at7088	Complete	M13	1	0
493047at7088	Complete	M13	1	0
24113at7088	Complete	M13	1	0
99889at7088	Complete	M13	1	0
305437at7088	Complete	M13	1	0
361449at7088	Complete	M13	1	0
256675at7088	Complete	M13	1	0
632506at7088	Complete	M13	1	0
424713at7088	Complete	M13	1	0
517852at7088	Complete	M13	1	0
408369at7088	Complete	M13	1	0
380784at7088	Complete	M13	1	0
621498at7088	Complete	M13	1	0
312890at7088	Complete	M13	1	0
480273at7088	Complete	M13	1	0
133048at7088	Complete	M13	1	0
519968at7088	Complete	M13	1	0
642061at7088	Complete	M13	1	0
514415at7088	Complete	M13	1	0
578864at7088	Complete	M13	1	0
543802at7088	Complete	M13	1	0
496648at7088	Complete	M13	1	0
8928at7088	Complete	M13	1	0
413090at7088	Complete	M13	1	0
582656at7088	Complete	M13	1	0
640991at7088	Complete	M13	1	0
514849at7088	Complete	M13	1	0
456636at7088	Complete	M13	1	0
595853at7088	Complete	M11	1	0
323021at7088	Complete	M11	1	0
653415at7088	Complete	M11	1	0
314596at7088	Complete	M11	1	0
297255at7088	Complete	M11	1	0
242040at7088	Complete	M11	1	0
441281at7088	Complete	M11	1	0
593682at7088	Complete	M11	1	0
255870at7088	Complete	M11	1	0
463390at7088	Complete	M11	1	0
574252at7088	Complete	M11	1	0
479071at7088	Complete	M11	1	0
635632at7088	Complete	M11	1	0
399129at7088	Complete	M11	1	0
576056at7088	Complete	M11	1	0
404015at7088	Complete	M11	1	0
173038at7088	Complete	M11	1	0
184535at7088	Complete	M11	1	0
481949at7088	Complete	M11	1	0
536385at7088	Complete	M11	1	0
278227at7088	Complete	M11	1	0
372074at7088	Complete	M11	1	0
390414at7088	Complete	M11	1	0
306536at7088	Complete	M11	1	0
232351at7088	Complete	M11	1	0
641079at7088	Complete	M11	1	0
482746at7088	Complete	M11	1	0
491207at7088	Complete	M11	1	0
184066at7088	Complete	M11	1	0
301895at7088	Complete	M11	1	0
633632at7088	Complete	M11	1	0
184159at7088	Complete	M11	1	0
490527at7088	Complete	M11	1	0
434906at7088	Complete	M11	1	0
627215at7088	Complete	M11	1	0
273477at7088	Complete	M11	1	0
591603at7088	Complete	M11	1	0
604443at7088	Complete	M11	1	0
439562at7088	Complete	M11	1	0
337189at7088	Complete	M11	1	0
268446at7088	Complete	M11	1	0
254619at7088	Complete	M11	1	0
165845at7088	Complete	M11	1	0
642122at7088	Complete	M11	1	0
488978at7088	Complete	M11	1	0
417532at7088	Complete	M11	1	0
525905at7088	Complete	M11	1	0
434927at7088	Complete	M11	1	0
218663at7088	Complete	M11	1	0
547193at7088	Complete	M11	1	0
487895at7088	Complete	M11	1	0
352310at7088	Complete	M11	1	0
188685at7088	Complete	M11	1	0
633232at7088	Complete	M11	1	0
623611at7088	Complete	M11	1	0
267885at7088	Complete	M11	1	0
348844at7088	Complete	M11	1	0
647480at7088	Complete	M11	1	0
276293at7088	Complete	M11	1	0
386775at7088	Complete	M11	1	0
181275at7088	Complete	M11	1	0
535115at7088	Complete	M11	1	0
618484at7088	Complete	M11	1	0
399616at7088	Complete	M11	1	0
154925at7088	Complete	M11	1	0
653530at7088	Complete	M11	1	0
332297at7088	Complete	M11	1	0
425165at7088	Complete	M11	1	0
612849at7088	Complete	M11	1	0
638857at7088	Complete	M11	1	0
636366at7088	Complete	M11	1	0
578272at7088	Complete	M11	1	0
291709at7088	Complete	M11	1	0
423002at7088	Complete	M11	1	0
485933at7088	Complete	M11	1	0
423246at7088	Complete	M11	1	0
28779at7088	Complete	M11	1	0
443077at7088	Complete	M11	1	0
263500at7088	Complete	M11	1	0
577613at7088	Complete	M11	1	0
408319at7088	Complete	M11	1	0
286095at7088	Complete	M11	1	0
452257at7088	Complete	M11	1	0
311889at7088	Complete	M11	1	0
407315at7088	Complete	M11	1	0
647987at7088	Complete	M11	1	0
510811at7088	Complete	M11	1	0
504213at7088	Complete	M11	1	0
370089at7088	Complete	M11	1	0
445894at7088	Complete	M11	1	0
580552at7088	Complete	M11	1	0
579404at7088	Complete	M11	1	0
376239at7088	Complete	M11	1	0
558666at7088	Complete	M11	1	0
207179at7088	Complete	M11	1	0
554072at7088	Complete	M11	1	0
275874at7088	Complete	M11	1	0
442947at7088	Complete	M11	1	0
420316at7088	Complete	M11	1	0
444835at7088	Complete	M11	1	0
597824at7088	Complete	M11	1	0
159494at7088	Complete	M11	1	0
371158at7088	Complete	M11	1	0
507258at7088	Complete	M11	1	0
397407at7088	Complete	M11	1	0
520342at7088	Complete	M11	1	0
114484at7088	Complete	M11	1	0
475656at7088	Complete	M11	1	0
327878at7088	Complete	M11	1	0
651066at7088	Complete	M11	1	0
521528at7088	Complete	M11	1	0
191071at7088	Complete	M11	1	0
557244at7088	Complete	M11	1	0
324217at7088	Complete	M11	1	0
543372at7088	Complete	M11	1	0
218678at7088	Complete	M11	1	0
462341at7088	Complete	M11	1	0
591605at7088	Complete	M11	1	0
198775at7088	Complete	M11	1	0
540979at7088	Complete	M11	1	0
525780at7088	Complete	M11	1	0
297047at7088	Complete	M11	1	0
376261at7088	Complete	M11	1	0
185660at7088	Complete	M11	1	0
397232at7088	Complete	M11	1	0
445124at7088	Complete	M11	1	0
522554at7088	Complete	M11	1	0
608013at7088	Complete	M11	1	0
325867at7088	Complete	M11	1	0
515630at7088	Complete	M11	1	0
595835at7088	Complete	M11	1	0
152796at7088	Complete	M11	1	0
396529at7088	Complete	M11	1	0
350234at7088	Complete	M11	1	0
168363at7088	Complete	M11	1	0
437379at7088	Complete	M11	1	0
329541at7088	Complete	M11	1	0
538429at7088	Complete	M11	1	0
638969at7088	Complete	M11	1	0
254133at7088	Complete	M11	1	0
600545at7088	Complete	M11	1	0
362104at7088	Complete	M11	1	0
187377at7088	Complete	M11	1	0
534899at7088	Complete	M11	1	0
344783at7088	Complete	M11	1	0
623042at7088	Complete	M11	1	0
486579at7088	Complete	M11	1	0
223364at7088	Complete	M11	1	0
262907at7088	Complete	M11	1	0
460940at7088	Complete	M9	1	0
645183at7088	Complete	M9	1	0
200993at7088	Complete	M9	1	0
605670at7088	Complete	M9	1	0
579626at7088	Complete	M9	1	0
614064at7088	Complete	M9	1	0
481415at7088	Complete	M9	1	0
585748at7088	Complete	M9	1	0
518621at7088	Complete	M9	1	0
651521at7088	Complete	M9	1	0
137671at7088	Complete	M9	1	0
589734at7088	Complete	M9	1	0
389529at7088	Complete	M9	1	0
342197at7088	Complete	M9	1	0
620244at7088	Complete	M9	1	0
586210at7088	Complete	M9	1	0
579460at7088	Complete	M9	1	0
369938at7088	Complete	M9	1	0
585304at7088	Complete	M9	1	0
569580at7088	Complete	M9	1	0
593247at7088	Complete	M9	1	0
420135at7088	Complete	M9	1	0
575301at7088	Complete	M9	1	0
260171at7088	Complete	M9	1	0
609541at7088	Complete	M9	1	0
558669at7088	Complete	M9	1	0
299606at7088	Complete	M9	1	0
327583at7088	Complete	M9	1	0
535640at7088	Complete	M9	1	0
213368at7088	Complete	M9	1	0
588127at7088	Complete	M9	1	0
241203at7088	Complete	M9	1	0
549229at7088	Complete	M9	1	0
591995at7088	Complete	M9	1	0
503162at7088	Complete	M9	1	0
466321at7088	Complete	M9	1	0
466026at7088	Complete	M9	1	0
270165at7088	Complete	M9	1	0
596282at7088	Complete	M9	1	0
498353at7088	Complete	M9	1	0
270535at7088	Complete	M9	1	0
401413at7088	Complete	M9	1	0
349551at7088	Complete	M9	1	0
333868at7088	Complete	M9	1	0
333043at7088	Complete	M9	1	0
639412at7088	Complete	M9	1	0
13423at7088	Complete	M9	1	0
524275at7088	Complete	M9	1	0
262620at7088	Complete	M9	1	0
265006at7088	Complete	M9	1	0
180879at7088	Complete	M9	1	0
537881at7088	Complete	M9	1	0
547123at7088	Complete	M9	1	0
496598at7088	Complete	M9	1	0
199069at7088	Complete	M9	1	0
492446at7088	Complete	M9	1	0
428444at7088	Complete	M9	1	0
518150at7088	Complete	M9	1	0
536210at7088	Complete	M9	1	0
507673at7088	Complete	M9	1	0
409151at7088	Complete	M9	1	0
471692at7088	Complete	M9	1	0
475309at7088	Complete	M9	1	0
485612at7088	Complete	M9	1	0
312324at7088	Complete	M9	1	0
354465at7088	Complete	M9	1	0
601252at7088	Complete	M9	1	0
365566at7088	Complete	M9	1	0
587129at7088	Complete	M9	1	0
437313at7088	Complete	M9	1	0
359478at7088	Complete	M9	1	0
422832at7088	Complete	M9	1	0
391945at7088	Complete	M9	1	0
593224at7088	Complete	M9	1	0
229257at7088	Complete	M9	1	0
605931at7088	Complete	M9	1	0
363787at7088	Complete	M9	1	0
531943at7088	Complete	M9	1	0
609700at7088	Complete	M9	1	0
406363at7088	Complete	M9	1	0
440514at7088	Complete	M9	1	0
611913at7088	Complete	M9	1	0
496387at7088	Complete	M9	1	0
574435at7088	Complete	M9	1	0
513202at7088	Complete	M9	1	0
338222at7088	Complete	M9	1	0
511403at7088	Complete	M9	1	0
545221at7088	Complete	M9	1	0
555068at7088	Complete	M9	1	0
120680at7088	Complete	M9	1	0
301420at7088	Complete	M9	1	0
193262at7088	Complete	M9	1	0
357987at7088	Complete	M9	1	0
359241at7088	Complete	M9	1	0
468804at7088	Complete	M9	1	0
626017at7088	Complete	M9	1	0
598674at7088	Complete	M9	1	0
339084at7088	Complete	M9	1	0
489975at7088	Complete	M9	1	0
507713at7088	Complete	M9	1	0
161295at7088	Complete	M9	1	0
172075at7088	Complete	M9	1	0
468427at7088	Complete	M9	1	0
612567at7088	Complete	M9	1	0
542773at7088	Complete	M9	1	0
550769at7088	Complete	M9	1	0
391426at7088	Complete	M9	1	0
265303at7088	Complete	M9	1	0
565942at7088	Complete	M9	1	0
330962at7088	Complete	M9	1	0
643629at7088	Complete	M9	1	0
615039at7088	Complete	M9	1	0
391031at7088	Complete	M9	1	0
639592at7088	Complete	M9	1	0
578626at7088	Complete	M9	1	0
601290at7088	Complete	M9	1	0
646464at7088	Complete	M9	1	0
595008at7088	Complete	M9	1	0
496272at7088	Complete	M9	1	0
380654at7088	Complete	M9	1	0
130890at7088	Complete	M9	1	0
570491at7088	Complete	M9	1	0
404938at7088	Complete	M9	1	0
637667at7088	Complete	M9	1	0
313651at7088	Complete	M9	1	0
530370at7088	Complete	M9	1	0
411498at7088	Complete	M9	1	0
491452at7088	Complete	M9	1	0
546989at7088	Complete	M9	1	0
512196at7088	Complete	M9	1	0
621956at7088	Complete	M9	1	0
426640at7088	Complete	M9	1	0
479096at7088	Complete	M9	1	0
617902at7088	Complete	M9	1	0
304098at7088	Complete	M9	1	0
589448at7088	Complete	M9	1	0
292725at7088	Complete	M9	1	0
631679at7088	Complete	M9	1	0
609577at7088	Complete	M9	1	0
368508at7088	Complete	M9	1	0
620785at7088	Complete	M9	1	0
81237at7088	Complete	M9	1	0
594408at7088	Complete	M9	1	0
491147at7088	Complete	M9	1	0
551614at7088	Complete	M9	1	0
616366at7088	Complete	M9	1	0
451787at7088	Complete	M9	1	0
636323at7088	Complete	M9	1	0
623635at7088	Complete	M9	1	0
516405at7088	Complete	M9	1	0
623250at7088	Complete	M9	1	0
478368at7088	Complete	M9	1	0
524626at7088	Complete	M9	1	0
370910at7088	Complete	M9	1	0
531680at7088	Complete	M9	1	0
345072at7088	Complete	M9	1	0
351660at7088	Complete	M9	1	0
575486at7088	Complete	M26	1	0
660771at7088	Complete	M26	1	0
139345at7088	Complete	M26	1	0
253479at7088	Complete	M26	1	0
624920at7088	Complete	M26	1	0
565211at7088	Complete	M26	1	0
439701at7088	Complete	M26	1	0
84504at7088	Complete	M26	1	0
219167at7088	Complete	M26	1	0
658265at7088	Complete	M26	1	0
657891at7088	Complete	M26	1	0
576739at7088	Complete	M26	1	0
276196at7088	Complete	M26	1	0
473239at7088	Complete	M26	1	0
317438at7088	Complete	M26	1	0
364143at7088	Complete	M26	1	0
489981at7088	Complete	M26	1	0
379048at7088	Complete	M26	1	0
308443at7088	Complete	M26	1	0
360832at7088	Complete	M26	1	0
198310at7088	Complete	M26	1	0
567713at7088	Complete	M26	1	0
560593at7088	Complete	M26	1	0
612273at7088	Complete	M26	1	0
315797at7088	Complete	M26	1	0
632408at7088	Complete	M26	1	0
245024at7088	Complete	M26	1	0
641543at7088	Complete	M26	1	0
461056at7088	Complete	M26	1	0
311274at7088	Complete	M26	1	0
522351at7088	Complete	M26	1	0
322107at7088	Complete	M26	1	0
286541at7088	Complete	M26	1	0
418075at7088	Complete	M26	1	0
527595at7088	Complete	M26	1	0
351777at7088	Complete	M26	1	0
491833at7088	Complete	M26	1	0
632207at7088	Complete	M26	1	0
377489at7088	Complete	M26	1	0
467627at7088	Complete	M26	1	0
502156at7088	Complete	M26	1	0
404369at7088	Complete	M26	1	0
576798at7088	Complete	M26	1	0
629036at7088	Complete	M26	1	0
133835at7088	Complete	M26	1	0
444615at7088	Complete	M26	1	0
298444at7088	Complete	M26	1	0
458148at7088	Complete	M26	1	0
611760at7088	Complete	M26	1	0
492638at7088	Complete	M26	1	0
276594at7088	Complete	M26	1	0
580665at7088	Complete	M26	1	0
660092at7088	Complete	M26	1	0
583394at7088	Complete	M26	1	0
498464at7088	Complete	M26	1	0
531841at7088	Complete	M26	1	0
595200at7088	Complete	M26	1	0
465146at7088	Complete	M26	1	0
478319at7088	Complete	M31	1	0
436512at7088	Complete	M31	1	0
604414at7088	Complete	M31	1	0
315189at7088	Complete	M31	1	0
459013at7088	Complete	M31	1	0
542265at7088	Complete	M31	1	0
452467at7088	Complete	M31	1	0
381414at7088	Complete	M31	1	0
340411at7088	Complete	M31	1	0
533101at7088	Complete	M31	1	0
272301at7088	Complete	M31	1	0
626828at7088	Complete	M31	1	0
362884at7088	Complete	M31	1	0
441451at7088	Complete	M31	1	0
588582at7088	Complete	M31	1	0
622334at7088	Complete	M31	1	0
372895at7088	Complete	M31	1	0
603718at7088	Complete	M31	1	0
660586at7088	Complete	M31	1	0
652726at7088	Complete	M31	1	0
533754at7088	Complete	M31	1	0
647217at7088	Complete	M31	1	0
425513at7088	Complete	M31	1	0
584303at7088	Complete	M31	1	0
351956at7088	Complete	M31	1	0
322046at7088	Complete	M31	1	0
482812at7088	Complete	M31	1	0
631030at7088	Complete	M31	1	0
599191at7088	Complete	M31	1	0
405100at7088	Complete	M31	1	0
258102at7088	Complete	M31	1	0
569452at7088	Complete	M31	1	0
654599at7088	Complete	M31	1	0
257718at7088	Complete	M31	1	0
550185at7088	Complete	M30	1	0
282011at7088	Complete	M30	1	0
417563at7088	Complete	M30	1	0
565740at7088	Complete	M30	1	0
581295at7088	Complete	M30	1	0
326387at7088	Complete	M30	1	0
445284at7088	Complete	M30	1	0
650882at7088	Complete	M30	1	0
367364at7088	Complete	M30	1	0
426692at7088	Complete	M30	1	0
555562at7088	Complete	M30	1	0
363955at7088	Complete	M30	1	0
480136at7088	Complete	M30	1	0
587930at7088	Complete	M30	1	0
382230at7088	Complete	M30	1	0
621839at7088	Complete	M30	1	0
516386at7088	Complete	M30	1	0
567592at7088	Complete	M30	1	0
536150at7088	Complete	M30	1	0
329486at7088	Complete	M30	1	0
605293at7088	Complete	M30	1	0
336595at7088	Complete	M30	1	0
117446at7088	Complete	M30	1	0
423152at7088	Complete	M30	1	0
277577at7088	Complete	M30	1	0
283541at7088	Complete	M30	1	0
524005at7088	Complete	M30	1	0
562815at7088	Complete	M30	1	0
643852at7088	Complete	M30	1	0
442235at7088	Complete	M30	1	0
300954at7088	Complete	M30	1	0
225612at7088	Complete	M30	1	0
492378at7088	Complete	M30	1	0
499170at7088	Complete	M30	1	0
506683at7088	Complete	M30	1	0
143374at7088	Complete	M30	1	0
622843at7088	Complete	M30	1	0
619169at7088	Complete	M30	1	0
509162at7088	Complete	M30	1	0
543422at7088	Complete	M30	1	0
391666at7088	Complete	M30	1	0
567795at7088	Complete	M30	1	0
661274at7088	Complete	M30	1	0
519938at7088	Complete	M30	1	0
151742at7088	Complete	M30	1	0
478442at7088	Complete	M30	1	0
641236at7088	Complete	M30	1	0
490203at7088	Complete	M30	1	0
468578at7088	Complete	M30	1	0
239206at7088	Complete	M14	1	0
294740at7088	Complete	M14	1	0
596300at7088	Complete	M14	1	0
557587at7088	Complete	M14	1	0
400460at7088	Complete	M14	1	0
406172at7088	Complete	M14	1	0
635716at7088	Complete	M14	1	0
111985at7088	Complete	M14	1	0
249959at7088	Complete	M14	1	0
471012at7088	Complete	M14	1	0
416227at7088	Complete	M14	1	0
307186at7088	Complete	M14	1	0
562834at7088	Complete	M14	1	0
631698at7088	Complete	M14	1	0
238254at7088	Complete	M14	1	0
573541at7088	Complete	M14	1	0
567069at7088	Complete	M14	1	0
357566at7088	Complete	M14	1	0
540973at7088	Complete	M14	1	0
431727at7088	Complete	M14	1	0
283533at7088	Complete	M14	1	0
638811at7088	Complete	M14	1	0
199265at7088	Complete	M14	1	0
569303at7088	Complete	M14	1	0
385630at7088	Complete	M14	1	0
571922at7088	Complete	M14	1	0
489654at7088	Complete	M14	1	0
285803at7088	Complete	M14	1	0
497465at7088	Complete	M14	1	0
293097at7088	Complete	M14	1	0
146527at7088	Complete	M14	1	0
168855at7088	Complete	M14	1	0
415350at7088	Complete	M14	1	0
438531at7088	Complete	M14	1	0
640537at7088	Complete	M14	1	0
188516at7088	Complete	M14	1	0
579719at7088	Complete	M14	1	0
98293at7088	Complete	M14	1	0
367153at7088	Complete	M14	1	0
635431at7088	Complete	M14	1	0
350679at7088	Complete	M14	1	0
225127at7088	Complete	M14	1	0
114770at7088	Complete	M14	1	0
285643at7088	Complete	M14	1	0
358466at7088	Complete	M14	1	0
367978at7088	Complete	M14	1	0
77787at7088	Complete	M14	1	0
566751at7088	Complete	M14	1	0
649228at7088	Complete	M14	1	0
509808at7088	Complete	M14	1	0
279253at7088	Complete	M14	1	0
479974at7088	Complete	M14	1	0
485474at7088	Complete	M14	1	0
547472at7088	Complete	M14	1	0
540723at7088	Complete	M14	1	0
223695at7088	Complete	M14	1	0
359800at7088	Complete	M14	1	0
448105at7088	Complete	M14	1	0
343560at7088	Complete	M14	1	0
472115at7088	Complete	M14	1	0
364059at7088	Complete	M14	1	0
374188at7088	Complete	M14	1	0
611831at7088	Complete	M14	1	0
337253at7088	Complete	M14	1	0
527354at7088	Complete	M14	1	0
321410at7088	Complete	M14	1	0
339619at7088	Complete	M14	1	0
411699at7088	Complete	M14	1	0
614497at7088	Complete	M14	1	0
530094at7088	Complete	M14	1	0
524029at7088	Complete	M14	1	0
513432at7088	Complete	M14	1	0
559891at7088	Complete	M14	1	0
496127at7088	Complete	M14	1	0
646979at7088	Complete	M14	1	0
516535at7088	Complete	M14	1	0
404841at7088	Complete	M14	1	0
514024at7088	Complete	M14	1	0
448951at7088	Complete	M14	1	0
318061at7088	Complete	M14	1	0
610554at7088	Complete	M14	1	0
524869at7088	Complete	M14	1	0
295339at7088	Complete	M14	1	0
392527at7088	Complete	M14	1	0
578912at7088	Complete	M14	1	0
582772at7088	Complete	M14	1	0
635242at7088	Complete	M14	1	0
538991at7088	Complete	M14	1	0
301744at7088	Complete	M14	1	0
328133at7088	Complete	M14	1	0
613793at7088	Complete	M14	1	0
547821at7088	Complete	M14	1	0
543368at7088	Complete	M14	1	0
627462at7088	Complete	M14	1	0
369268at7088	Complete	M14	1	0
165667at7088	Complete	M14	1	0
543957at7088	Complete	M14	1	0
237638at7088	Complete	M14	1	0
570805at7088	Complete	M14	1	0
571427at7088	Complete	M14	1	0
384870at7088	Complete	M14	1	0
607616at7088	Complete	M14	1	0
367498at7088	Complete	M14	1	0
636330at7088	Complete	M14	1	0
610308at7088	Complete	M14	1	0
458900at7088	Complete	M14	1	0
652356at7088	Complete	M14	1	0
434047at7088	Complete	M14	1	0
358817at7088	Complete	M14	1	0
185536at7088	Complete	M14	1	0
498561at7088	Complete	M14	1	0
531098at7088	Complete	M14	1	0
363516at7088	Complete	M14	1	0
404683at7088	Complete	M14	1	0
249135at7088	Complete	M14	1	0
495559at7088	Complete	M14	1	0
128620at7088	Complete	M14	1	0
115222at7088	Complete	M14	1	0
460907at7088	Complete	M14	1	0
493398at7088	Complete	M14	1	0
387144at7088	Complete	M14	1	0
343570at7088	Complete	M14	1	0
430421at7088	Complete	M14	1	0
316748at7088	Complete	M14	1	0
582566at7088	Complete	M14	1	0
413189at7088	Complete	M14	1	0
304085at7088	Complete	M14	1	0
561151at7088	Complete	M14	1	0
498445at7088	Complete	M14	1	0
180700at7088	Complete	M14	1	0
577954at7088	Complete	M14	1	0
609640at7088	Complete	M14	1	0
436630at7088	Complete	M14	1	0
622631at7088	Complete	M14	1	0
544287at7088	Complete	M14	1	0
457456at7088	Complete	M14	1	0
629990at7088	Complete	M14	1	0
174202at7088	Complete	M14	1	0
169513at7088	Complete	M14	1	0
584319at7088	Complete	M14	1	0
543994at7088	Complete	M17	1	0
141986at7088	Complete	M17	1	0
483915at7088	Complete	M17	1	0
249851at7088	Complete	M17	1	0
422383at7088	Complete	M17	1	0
487264at7088	Complete	M17	1	0
395237at7088	Complete	M17	1	0
271262at7088	Complete	M17	1	0
464432at7088	Complete	M17	1	0
448236at7088	Complete	M17	1	0
415848at7088	Complete	M17	1	0
478717at7088	Complete	M17	1	0
575571at7088	Complete	M17	1	0
557397at7088	Complete	M17	1	0
493294at7088	Complete	M17	1	0
549289at7088	Complete	M17	1	0
580868at7088	Complete	M17	1	0
645323at7088	Complete	M17	1	0
494157at7088	Complete	M17	1	0
285461at7088	Complete	M17	1	0
578331at7088	Complete	M17	1	0
437748at7088	Complete	M17	1	0
169337at7088	Complete	M17	1	0
187631at7088	Complete	M17	1	0
424547at7088	Complete	M17	1	0
405247at7088	Complete	M17	1	0
597562at7088	Complete	M17	1	0
527783at7088	Complete	M17	1	0
535081at7088	Complete	M17	1	0
418057at7088	Complete	M17	1	0
229261at7088	Complete	M17	1	0
414346at7088	Complete	M17	1	0
599251at7088	Complete	M17	1	0
430840at7088	Complete	M17	1	0
578409at7088	Complete	M17	1	0
640745at7088	Complete	M17	1	0
234265at7088	Complete	M17	1	0
591620at7088	Complete	M17	1	0
355239at7088	Complete	M17	1	0
515361at7088	Complete	M17	1	0
458089at7088	Complete	M17	1	0
124458at7088	Complete	M17	1	0
606040at7088	Complete	M17	1	0
110283at7088	Complete	M17	1	0
418528at7088	Complete	M17	1	0
433747at7088	Complete	M17	1	0
617944at7088	Complete	M17	1	0
417694at7088	Complete	M17	1	0
385360at7088	Complete	M17	1	0
422952at7088	Complete	M17	1	0
145274at7088	Complete	M17	1	0
612719at7088	Complete	M17	1	0
395318at7088	Complete	M17	1	0
289492at7088	Complete	M17	1	0
120643at7088	Complete	M17	1	0
352274at7088	Complete	M17	1	0
310305at7088	Complete	M17	1	0
548857at7088	Complete	M17	1	0
271620at7088	Complete	M17	1	0
633495at7088	Complete	M17	1	0
54245at7088	Complete	M17	1	0
410330at7088	Complete	M17	1	0
502488at7088	Complete	M17	1	0
551686at7088	Complete	M17	1	0
638650at7088	Complete	M17	1	0
264710at7088	Complete	M17	1	0
441831at7088	Complete	M17	1	0
635908at7088	Complete	M17	1	0
500282at7088	Complete	M17	1	0
433121at7088	Complete	M17	1	0
619687at7088	Complete	M17	1	0
534939at7088	Complete	M17	1	0
458484at7088	Complete	M17	1	0
618979at7088	Complete	M17	1	0
445842at7088	Complete	M17	1	0
517556at7088	Complete	M17	1	0
122617at7088	Complete	M17	1	0
324835at7088	Complete	M17	1	0
496768at7088	Complete	M17	1	0
634213at7088	Complete	M17	1	0
160858at7088	Complete	M17	1	0
113479at7088	Complete	M17	1	0
582248at7088	Complete	M17	1	0
602174at7088	Complete	M17	1	0
524463at7088	Complete	M17	1	0
551154at7088	Complete	M17	1	0
375503at7088	Complete	M17	1	0
639275at7088	Complete	M17	1	0
235222at7088	Complete	M17	1	0
629196at7088	Complete	M17	1	0
615259at7088	Complete	M17	1	0
438960at7088	Complete	M17	1	0
577851at7088	Complete	M17	1	0
513804at7088	Complete	M17	1	0
276657at7088	Complete	M17	1	0
505456at7088	Complete	M17	1	0
631959at7088	Complete	M17	1	0
478032at7088	Complete	M17	1	0
123764at7088	Complete	M17	1	0
589506at7088	Complete	M17	1	0
86370at7088	Complete	M17	1	0
157525at7088	Complete	M17	1	0
185576at7088	Complete	M17	1	0
296998at7088	Complete	M17	1	0
515790at7088	Complete	M17	1	0
601567at7088	Complete	M17	1	0
194811at7088	Complete	M17	1	0
625552at7088	Complete	M17	1	0
349249at7088	Complete	M17	1	0
539437at7088	Complete	M17	1	0
371356at7088	Complete	M17	1	0
593217at7088	Complete	M17	1	0
321555at7088	Complete	M17	1	0
329816at7088	Complete	M24	1	0
603279at7088	Complete	M24	1	0
153934at7088	Complete	M24	1	0
468665at7088	Complete	M24	1	0
436698at7088	Complete	M24	1	0
492371at7088	Complete	M24	1	0
266098at7088	Complete	M24	1	0
622892at7088	Complete	M24	1	0
502121at7088	Complete	M24	1	0
258849at7088	Complete	M24	1	0
602805at7088	Complete	M24	1	0
422653at7088	Complete	M24	1	0
629975at7088	Complete	M24	1	0
466647at7088	Complete	M24	1	0
166007at7088	Complete	M24	1	0
400250at7088	Complete	M24	1	0
481172at7088	Complete	M24	1	0
458205at7088	Complete	M24	1	0
397574at7088	Complete	M24	1	0
484257at7088	Complete	M24	1	0
470304at7088	Complete	M24	1	0
248299at7088	Complete	M24	1	0
590973at7088	Complete	M24	1	0
246655at7088	Complete	M24	1	0
210859at7088	Complete	M24	1	0
373733at7088	Complete	M24	1	0
646506at7088	Complete	M24	1	0
590204at7088	Complete	M24	1	0
548878at7088	Complete	M24	1	0
607544at7088	Complete	M24	1	0
501703at7088	Complete	M24	1	0
534497at7088	Complete	M24	1	0
166861at7088	Complete	M24	1	0
430757at7088	Complete	M24	1	0
632178at7088	Complete	M24	1	0
240709at7088	Complete	M24	1	0
627295at7088	Complete	M24	1	0
533727at7088	Complete	M24	1	0
430287at7088	Complete	M24	1	0
383103at7088	Complete	M24	1	0
480355at7088	Complete	M24	1	0
632684at7088	Complete	M24	1	0
554977at7088	Complete	M24	1	0
501451at7088	Complete	M24	1	0
604962at7088	Complete	M24	1	0
424829at7088	Complete	M24	1	0
427883at7088	Complete	M24	1	0
412456at7088	Complete	M24	1	0
411189at7088	Complete	M24	1	0
553847at7088	Complete	M24	1	0
642930at7088	Complete	M24	1	0
538653at7088	Complete	M24	1	0
219732at7088	Complete	M24	1	0
316149at7088	Complete	M24	1	0
519350at7088	Complete	M24	1	0
468796at7088	Complete	M24	1	0
648539at7088	Complete	M24	1	0
424254at7088	Complete	M24	1	0
430072at7088	Complete	M24	1	0
384581at7088	Complete	M24	1	0
541095at7088	Complete	M24	1	0
620257at7088	Complete	M24	1	0
381048at7088	Complete	M24	1	0
424374at7088	Complete	M24	1	0
154643at7088	Complete	M24	1	0
564042at7088	Complete	M24	1	0
329672at7088	Complete	M24	1	0
609107at7088	Complete	M24	1	0
201179at7088	Complete	M24	1	0
438604at7088	Complete	M24	1	0
233597at7088	Complete	M24	1	0
636195at7088	Complete	M24	1	0
429996at7088	Complete	M24	1	0
533395at7088	Complete	M24	1	0
465530at7088	Complete	M24	1	0
425451at7088	Complete	M24	1	0
492749at7088	Complete	M24	1	0
327661at7088	Complete	M24	1	0
474561at7088	Complete	M24	1	0
601038at7088	Complete	M24	1	0
531852at7088	Complete	M24	1	0
522702at7088	Complete	M24	1	0
557762at7088	Complete	M24	1	0
525121at7088	Complete	M24	1	0
255407at7088	Complete	M24	1	0
539192at7088	Complete	M24	1	0
497155at7088	Complete	M24	1	0
523446at7088	Complete	M24	1	0
428186at7088	Complete	M24	1	0
411092at7088	Complete	M24	1	0
646508at7088	Complete	M24	1	0
512243at7088	Complete	M24	1	0
134601at7088	Complete	M24	1	0
453541at7088	Complete	M24	1	0
439425at7088	Complete	M24	1	0
178652at7088	Complete	M24	1	0
479304at7088	Complete	M24	1	0
394933at7088	Complete	M20	1	0
387280at7088	Complete	M20	1	0
650229at7088	Complete	M20	1	0
555337at7088	Complete	M20	1	0
524335at7088	Complete	M20	1	0
566879at7088	Complete	M20	1	0
130643at7088	Complete	M20	1	0
525325at7088	Complete	M20	1	0
584949at7088	Complete	M20	1	0
289483at7088	Complete	M20	1	0
194923at7088	Complete	M20	1	0
490314at7088	Complete	M20	1	0
585991at7088	Complete	M20	1	0
142375at7088	Complete	M20	1	0
559127at7088	Complete	M20	1	0
286668at7088	Complete	M20	1	0
262836at7088	Complete	M20	1	0
387531at7088	Complete	M20	1	0
298636at7088	Complete	M20	1	0
159465at7088	Complete	M20	1	0
581518at7088	Complete	M20	1	0
207103at7088	Complete	M20	1	0
465594at7088	Complete	M20	1	0
442996at7088	Complete	M20	1	0
535362at7088	Complete	M20	1	0
411984at7088	Complete	M20	1	0
126781at7088	Complete	M20	1	0
374311at7088	Complete	M20	1	0
110136at7088	Complete	M20	1	0
483455at7088	Complete	M20	1	0
389725at7088	Complete	M20	1	0
424069at7088	Complete	M20	1	0
198362at7088	Complete	M20	1	0
150655at7088	Complete	M20	1	0
37471at7088	Complete	M20	1	0
455783at7088	Complete	M20	1	0
618666at7088	Complete	M20	1	0
483451at7088	Complete	M20	1	0
544589at7088	Complete	M20	1	0
207979at7088	Complete	M20	1	0
625182at7088	Complete	M20	1	0
143454at7088	Complete	M20	1	0
161545at7088	Complete	M20	1	0
307535at7088	Complete	M20	1	0
116482at7088	Complete	M20	1	0
441810at7088	Complete	M20	1	0
344724at7088	Complete	M20	1	0
363686at7088	Complete	M20	1	0
542051at7088	Complete	M20	1	0
535452at7088	Complete	M20	1	0
225966at7088	Complete	M20	1	0
205348at7088	Complete	M20	1	0
407696at7088	Complete	M20	1	0
138709at7088	Complete	M20	1	0
178809at7088	Complete	M20	1	0
48524at7088	Complete	M20	1	0
432183at7088	Complete	M20	1	0
546540at7088	Complete	M20	1	0
532215at7088	Complete	M20	1	0
408873at7088	Complete	M20	1	0
327374at7088	Complete	M20	1	0
403259at7088	Complete	M20	1	0
404473at7088	Complete	M20	1	0
532960at7088	Complete	M20	1	0
578842at7088	Complete	M20	1	0
569578at7088	Complete	M20	1	0
375662at7088	Complete	M20	1	0
609017at7088	Complete	M20	1	0
362536at7088	Complete	M20	1	0
560250at7088	Complete	M20	1	0
146764at7088	Complete	M20	1	0
635223at7088	Complete	M20	1	0
496716at7088	Complete	M20	1	0
573570at7088	Complete	M20	1	0
129805at7088	Complete	M20	1	0
346678at7088	Complete	M20	1	0
600086at7088	Complete	M20	1	0
280864at7088	Complete	M20	1	0
411451at7088	Complete	M20	1	0
586975at7088	Complete	M20	1	0
281290at7088	Complete	M20	1	0
263191at7088	Complete	M20	1	0
187096at7088	Complete	M20	1	0
110727at7088	Complete	M20	1	0
629289at7088	Complete	M20	1	0
554895at7088	Complete	M20	1	0
600438at7088	Complete	M20	1	0
93076at7088	Complete	M20	1	0
612752at7088	Complete	M20	1	0
549985at7088	Complete	M20	1	0
323816at7088	Complete	M20	1	0
313387at7088	Complete	M20	1	0
452285at7088	Complete	M20	1	0
436276at7088	Complete	M20	1	0
551387at7088	Complete	M20	1	0
573056at7088	Complete	M20	1	0
312057at7088	Complete	M20	1	0
623348at7088	Complete	M20	1	0
420048at7088	Complete	M20	1	0
507109at7088	Complete	M20	1	0
607635at7088	Complete	M20	1	0
205585at7088	Complete	M20	1	0
614192at7088	Complete	M20	1	0
524951at7088	Complete	M20	1	0
329668at7088	Complete	M20	1	0
563312at7088	Complete	M20	1	0
608858at7088	Complete	M20	1	0
443267at7088	Complete	M20	1	0
548592at7088	Complete	M20	1	0
514854at7088	Complete	M20	1	0
324490at7088	Complete	M20	1	0
628192at7088	Complete	M20	1	0
301277at7088	Complete	M20	1	0
585159at7088	Complete	M20	1	0
573525at7088	Complete	M23	1	0
565509at7088	Complete	M23	1	0
335818at7088	Complete	M23	1	0
556066at7088	Complete	M23	1	0
134354at7088	Complete	M23	1	0
403790at7088	Complete	M23	1	0
411064at7088	Complete	M23	1	0
208600at7088	Complete	M23	1	0
358155at7088	Complete	M23	1	0
530304at7088	Complete	M23	1	0
378090at7088	Complete	M23	1	0
541538at7088	Complete	M23	1	0
159764at7088	Complete	M23	1	0
549273at7088	Complete	M23	1	0
185425at7088	Complete	M23	1	0
216985at7088	Complete	M23	1	0
631867at7088	Complete	M23	1	0
504832at7088	Complete	M23	1	0
568999at7088	Complete	M23	1	0
222522at7088	Complete	M23	1	0
540824at7088	Complete	M23	1	0
445262at7088	Complete	M23	1	0
532044at7088	Complete	M23	1	0
410353at7088	Complete	M23	1	0
552633at7088	Complete	M23	1	0
436736at7088	Complete	M23	1	0
529955at7088	Complete	M23	1	0
445951at7088	Complete	M23	1	0
543748at7088	Complete	M23	1	0
521071at7088	Complete	M23	1	0
529295at7088	Complete	M23	1	0
181817at7088	Complete	M23	1	0
603652at7088	Complete	M23	1	0
398319at7088	Complete	M23	1	0
279715at7088	Complete	M23	1	0
422145at7088	Complete	M23	1	0
621001at7088	Complete	M23	1	0
565498at7088	Complete	M23	1	0
597178at7088	Complete	M23	1	0
616556at7088	Complete	M23	1	0
382068at7088	Complete	M23	1	0
563221at7088	Complete	M23	1	0
468388at7088	Complete	M23	1	0
388093at7088	Complete	M23	1	0
280134at7088	Complete	M23	1	0
625356at7088	Complete	M23	1	0
482411at7088	Complete	M23	1	0
396781at7088	Complete	M23	1	0
51002at7088	Complete	M23	1	0
543412at7088	Complete	M23	1	0
609871at7088	Complete	M23	1	0
557745at7088	Complete	M23	1	0
568366at7088	Complete	M23	1	0
366328at7088	Complete	M23	1	0
617237at7088	Complete	M23	1	0
329446at7088	Complete	M23	1	0
416947at7088	Complete	M23	1	0
372472at7088	Complete	M23	1	0
405401at7088	Complete	M23	1	0
310681at7088	Complete	M23	1	0
492146at7088	Complete	M23	1	0
546872at7088	Complete	M23	1	0
217024at7088	Complete	M23	1	0
252114at7088	Complete	M23	1	0
464435at7088	Complete	M23	1	0
318943at7088	Complete	M23	1	0
310894at7088	Complete	M23	1	0
175413at7088	Complete	M23	1	0
315864at7088	Complete	M23	1	0
555472at7088	Complete	M23	1	0
274036at7088	Complete	M23	1	0
498949at7088	Complete	M23	1	0
184771at7088	Complete	M23	1	0
558912at7088	Complete	M23	1	0
504763at7088	Complete	M23	1	0
451188at7088	Complete	M23	1	0
425991at7088	Complete	M23	1	0
558770at7088	Complete	M23	1	0
563112at7088	Complete	M23	1	0
123136at7088	Complete	M23	1	0
132814at7088	Complete	M23	1	0
558868at7088	Complete	M23	1	0
465459at7088	Complete	M23	1	0
606922at7088	Complete	M23	1	0
584220at7088	Complete	M23	1	0
457066at7088	Complete	M23	1	0
214897at7088	Complete	M23	1	0
367453at7088	Complete	M23	1	0
653367at7088	Complete	M23	1	0
480049at7088	Complete	M23	1	0
438547at7088	Complete	M23	1	0
216346at7088	Complete	M23	1	0
559932at7088	Complete	M23	1	0
319680at7088	Complete	M23	1	0
553888at7088	Complete	M23	1	0
594493at7088	Complete	M29	1	0
232796at7088	Complete	M29	1	0
530970at7088	Complete	M29	1	0
460490at7088	Complete	M29	1	0
350805at7088	Complete	M29	1	0
603285at7088	Complete	M29	1	0
430275at7088	Complete	M29	1	0
555805at7088	Complete	M29	1	0
138090at7088	Complete	M29	1	0
604511at7088	Complete	M29	1	0
580755at7088	Complete	M29	1	0
563392at7088	Complete	M29	1	0
417179at7088	Complete	M29	1	0
416166at7088	Complete	M29	1	0
356150at7088	Complete	M29	1	0
462659at7088	Complete	M29	1	0
449998at7088	Complete	M29	1	0
497270at7088	Complete	M29	1	0
432261at7088	Complete	M29	1	0
516107at7088	Complete	M29	1	0
541507at7088	Complete	M29	1	0
554776at7088	Complete	M29	1	0
321473at7088	Complete	M29	1	0
567660at7088	Complete	M29	1	0
450178at7088	Complete	M29	1	0
443623at7088	Complete	M29	1	0
426357at7088	Complete	M29	1	0
230991at7088	Complete	M29	1	0
475897at7088	Complete	M29	1	0
154142at7088	Complete	M29	1	0
550907at7088	Complete	M29	1	0
455469at7088	Complete	M29	1	0
460623at7088	Complete	M29	1	0
411653at7088	Complete	M29	1	0
130568at7088	Complete	M29	1	0
132233at7088	Complete	M29	1	0
623681at7088	Complete	M29	1	0
283311at7088	Complete	M29	1	0
512774at7088	Complete	M29	1	0
442336at7088	Complete	M29	1	0
577032at7088	Complete	M29	1	0
516768at7088	Complete	M29	1	0
111379at7088	Complete	M29	1	0
560929at7088	Complete	M29	1	0
635963at7088	Complete	M29	1	0
174160at7088	Complete	M29	1	0
306743at7088	Complete	M29	1	0
460274at7088	Complete	M29	1	0
582294at7088	Complete	M25	1	0
541227at7088	Complete	M25	1	0
539800at7088	Complete	M25	1	0
247944at7088	Complete	M25	1	0
314947at7088	Complete	M25	1	0
651805at7088	Complete	M25	1	0
591584at7088	Complete	M25	1	0
550707at7088	Complete	M25	1	0
622429at7088	Complete	M25	1	0
613895at7088	Complete	M25	1	0
345636at7088	Complete	M25	1	0
641463at7088	Complete	M25	1	0
579431at7088	Complete	M25	1	0
657123at7088	Complete	M25	1	0
126913at7088	Complete	M25	1	0
468114at7088	Complete	M25	1	0
316175at7088	Complete	M25	1	0
644523at7088	Complete	M25	1	0
564818at7088	Complete	M25	1	0
258261at7088	Complete	M25	1	0
253367at7088	Complete	M25	1	0
356309at7088	Complete	M25	1	0
486984at7088	Complete	M25	1	0
456444at7088	Complete	M25	1	0
513480at7088	Complete	M25	1	0
607950at7088	Complete	M25	1	0
566740at7088	Complete	M25	1	0
438422at7088	Complete	M25	1	0
647705at7088	Complete	M25	1	0
456790at7088	Complete	M25	1	0
297046at7088	Complete	M25	1	0
270453at7088	Complete	M25	1	0
470648at7088	Complete	M25	1	0
295547at7088	Complete	M25	1	0
583328at7088	Complete	M25	1	0
555941at7088	Complete	M25	1	0
382390at7088	Complete	M25	1	0
578652at7088	Complete	M25	1	0
393162at7088	Complete	M25	1	0
596410at7088	Complete	M25	1	0
440913at7088	Complete	M25	1	0
478575at7088	Complete	M25	1	0
388812at7088	Complete	M25	1	0
588511at7088	Complete	M25	1	0
358860at7088	Complete	M25	1	0
595295at7088	Complete	M25	1	0
262645at7088	Complete	M25	1	0
445448at7088	Complete	M25	1	0
643792at7088	Complete	M25	1	0
302308at7088	Complete	M25	1	0
434894at7088	Complete	M25	1	0
360939at7088	Complete	M25	1	0
470853at7088	Complete	M25	1	0
440988at7088	Complete	M25	1	0
626610at7088	Complete	M25	1	0
167072at7088	Complete	M25	1	0
223297at7088	Complete	M25	1	0
468986at7088	Complete	M25	1	0
151946at7088	Complete	M25	1	0
637582at7088	Complete	M25	1	0
644455at7088	Complete	M25	1	0
287733at7088	Complete	M25	1	0
305132at7088	Complete	M25	1	0
277383at7088	Complete	M25	1	0
556676at7088	Complete	M5	1	0
356660at7088	Complete	M5	1	0
513211at7088	Complete	M5	1	0
319295at7088	Complete	M5	1	0
590421at7088	Complete	M5	1	0
289734at7088	Complete	M5	1	0
351382at7088	Complete	M5	1	0
496327at7088	Complete	M5	1	0
636017at7088	Complete	M5	1	0
645188at7088	Complete	M5	1	0
280820at7088	Complete	M5	1	0
425637at7088	Complete	M5	1	0
533943at7088	Complete	M5	1	0
464818at7088	Complete	M5	1	0
381492at7088	Complete	M5	1	0
291788at7088	Complete	M5	1	0
344713at7088	Complete	M5	1	0
551171at7088	Complete	M5	1	0
532031at7088	Complete	M5	1	0
642431at7088	Complete	M5	1	0
608437at7088	Complete	M5	1	0
585738at7088	Complete	M5	1	0
287150at7088	Complete	M5	1	0
176539at7088	Complete	M5	1	0
553413at7088	Complete	M5	1	0
522655at7088	Complete	M5	1	0
365678at7088	Complete	M5	1	0
321153at7088	Complete	M5	1	0
544336at7088	Complete	M5	1	0
364835at7088	Complete	M5	1	0
133322at7088	Complete	M5	1	0
316235at7088	Complete	M5	1	0
213454at7088	Complete	M5	1	0
111073at7088	Complete	M5	1	0
590033at7088	Complete	M5	1	0
503906at7088	Complete	M5	1	0
632180at7088	Complete	M5	1	0
423034at7088	Complete	M5	1	0
562803at7088	Complete	M5	1	0
539428at7088	Complete	M5	1	0
232579at7088	Complete	M5	1	0
557332at7088	Complete	M5	1	0
486758at7088	Complete	M5	1	0
333255at7088	Complete	M5	1	0
521070at7088	Complete	M5	1	0
514202at7088	Complete	M5	1	0
369800at7088	Complete	M5	1	0
433770at7088	Complete	M5	1	0
531029at7088	Complete	M5	1	0
507729at7088	Complete	M5	1	0
499399at7088	Complete	M5	1	0
406675at7088	Complete	M5	1	0
410954at7088	Complete	M5	1	0
114475at7088	Complete	M5	1	0
264281at7088	Complete	M5	1	0
260930at7088	Complete	M5	1	0
576700at7088	Complete	M5	1	0
589678at7088	Complete	M5	1	0
475382at7088	Complete	M5	1	0
229942at7088	Complete	M5	1	0
547763at7088	Complete	M5	1	0
658591at7088	Complete	M5	1	0
346938at7088	Complete	M5	1	0
635490at7088	Complete	M5	1	0
617859at7088	Complete	M5	1	0
388733at7088	Complete	M5	1	0
608911at7088	Complete	M5	1	0
476629at7088	Complete	M5	1	0
458996at7088	Complete	M5	1	0
641562at7088	Complete	M5	1	0
626068at7088	Complete	M5	1	0
630192at7088	Complete	M5	1	0
403702at7088	Complete	M5	1	0
327961at7088	Complete	M5	1	0
566468at7088	Complete	M5	1	0
339149at7088	Complete	M5	1	0
210837at7088	Complete	M5	1	0
419714at7088	Complete	M5	1	0
483212at7088	Complete	M5	1	0
208575at7088	Complete	M5	1	0
121568at7088	Complete	M5	1	0
556426at7088	Complete	M5	1	0
409134at7088	Complete	M5	1	0
609580at7088	Complete	M5	1	0
426043at7088	Complete	M5	1	0
460824at7088	Complete	M5	1	0
574940at7088	Complete	M5	1	0
473320at7088	Complete	M5	1	0
378839at7088	Complete	M5	1	0
335651at7088	Complete	M5	1	0
9004at7088	Complete	M5	1	0
432643at7088	Complete	M5	1	0
510134at7088	Complete	M5	1	0
575340at7088	Complete	M5	1	0
124187at7088	Complete	M5	1	0
494611at7088	Complete	M5	1	0
424208at7088	Complete	M5	1	0
511782at7088	Complete	M5	1	0
555699at7088	Complete	M5	1	0
579297at7088	Complete	M5	1	0
613494at7088	Complete	M5	1	0
49323at7088	Complete	M5	1	0
577256at7088	Complete	M5	1	0
243309at7088	Complete	M5	1	0
45289at7088	Complete	M5	1	0
476756at7088	Complete	M5	1	0
612813at7088	Complete	M5	1	0
460473at7088	Complete	M5	1	0
205941at7088	Complete	M5	1	0
386680at7088	Complete	M5	1	0
309648at7088	Complete	M5	1	0
567302at7088	Complete	M5	1	0
216876at7088	Complete	M5	1	0
39859at7088	Complete	M5	1	0
174173at7088	Complete	M5	1	0
132749at7088	Complete	M5	1	0
354309at7088	Complete	M5	1	0
331227at7088	Complete	M5	1	0
657869at7088	Complete	M5	1	0
459092at7088	Complete	M5	1	0
243025at7088	Complete	M5	1	0
430310at7088	Complete	M5	1	0
401846at7088	Complete	M5	1	0
627339at7088	Complete	M5	1	0
643504at7088	Complete	M5	1	0
519431at7088	Complete	M5	1	0
433970at7088	Complete	M5	1	0
659383at7088	Complete	M5	1	0
507105at7088	Complete	M5	1	0
370723at7088	Complete	M5	1	0
378655at7088	Complete	M5	1	0
249190at7088	Complete	M5	1	0
362006at7088	Complete	M5	1	0
119543at7088	Complete	M5	1	0
233861at7088	Complete	M5	1	0
420500at7088	Complete	M5	1	0
367835at7088	Complete	M5	1	0
326143at7088	Complete	M5	1	0
436307at7088	Complete	M5	1	0
455808at7088	Complete	M5	1	0
278454at7088	Complete	M5	1	0
570696at7088	Complete	M5	1	0
183547at7088	Complete	M5	1	0
515663at7088	Complete	M5	1	0
177209at7088	Complete	M5	1	0
645797at7088	Complete	M5	1	0
426943at7088	Complete	M5	1	0
391723at7088	Complete	M5	1	0
514359at7088	Complete	M5	1	0
433621at7088	Complete	M5	1	0
598378at7088	Complete	M5	1	0
206466at7088	Complete	M5	1	0
12492at7088	Complete	M5	1	0
486300at7088	Complete	M5	1	0
502891at7088	Complete	M5	1	0
209313at7088	Complete	M5	1	0
616548at7088	Complete	M5	1	0
597326at7088	Complete	M5	1	0
358606at7088	Complete	M5	1	0
531267at7088	Complete	M5	1	0
648062at7088	Complete	M5	1	0
602787at7088	Complete	M5	1	0
622859at7088	Complete	M5	1	0
569931at7088	Complete	M5	1	0
574699at7088	Complete	M5	1	0
339659at7088	Complete	M5	1	0
112223at7088	Complete	M5	1	0
407935at7088	Complete	M5	1	0
596240at7088	Complete	M5	1	0
202809at7088	Complete	M5	1	0
577937at7088	Complete	M5	1	0
512211at7088	Complete	M5	1	0
45165at7088	Complete	M5	1	0
510599at7088	Complete	M5	1	0
647838at7088	Complete	M5	1	0
179900at7088	Complete	M5	1	0
255112at7088	Complete	M5	1	0
520891at7088	Complete	M5	1	0
570767at7088	Complete	M5	1	0
298683at7088	Complete	M5	1	0
513465at7088	Complete	M5	1	0
270172at7088	Complete	M5	1	0
180905at7088	Complete	M5	1	0
543620at7088	Complete	M5	1	0
280926at7088	Complete	M5	1	0
438747at7088	Complete	M5	1	0
473310at7088	Complete	M5	1	0
496306at7088	Complete	M5	1	0
317523at7088	Complete	M5	1	0
580150at7088	Complete	M5	1	0
313415at7088	Complete	M5	1	0
581826at7088	Complete	M5	1	0
234977at7088	Complete	M5	1	0
421695at7088	Complete	M5	1	0
365525at7088	Complete	M5	1	0
538707at7088	Complete	M5	1	0
543439at7088	Complete	M5	1	0
487307at7088	Complete	M5	1	0
578811at7088	Complete	M5	1	0
291746at7088	Complete	M5	1	0
443610at7088	Complete	M5	1	0
503589at7088	Complete	M5	1	0
520264at7088	Complete	M5	1	0
329031at7088	Complete	M5	1	0
231133at7088	Complete	M19	1	0
612042at7088	Complete	M19	1	0
429158at7088	Complete	M19	1	0
468418at7088	Complete	M19	1	0
630118at7088	Complete	M19	1	0
487064at7088	Complete	M19	1	0
514220at7088	Complete	M19	1	0
415311at7088	Complete	M19	1	0
595731at7088	Complete	M19	1	0
600517at7088	Complete	M19	1	0
298186at7088	Complete	M19	1	0
436204at7088	Complete	M19	1	0
116095at7088	Complete	M19	1	0
490174at7088	Complete	M19	1	0
522378at7088	Complete	M19	1	0
447756at7088	Complete	M19	1	0
177627at7088	Complete	M19	1	0
632239at7088	Complete	M19	1	0
572127at7088	Complete	M19	1	0
586271at7088	Complete	M19	1	0
579769at7088	Complete	M19	1	0
520811at7088	Complete	M19	1	0
626055at7088	Complete	M19	1	0
615607at7088	Complete	M19	1	0
253203at7088	Complete	M19	1	0
517571at7088	Complete	M19	1	0
615325at7088	Complete	M19	1	0
608975at7088	Complete	M19	1	0
363066at7088	Complete	M19	1	0
569906at7088	Complete	M19	1	0
558149at7088	Complete	M19	1	0
546808at7088	Complete	M19	1	0
384225at7088	Complete	M19	1	0
608889at7088	Complete	M19	1	0
518219at7088	Complete	M19	1	0
636215at7088	Complete	M19	1	0
449256at7088	Complete	M19	1	0
524391at7088	Complete	M19	1	0
460551at7088	Complete	M19	1	0
209587at7088	Complete	M19	1	0
617375at7088	Complete	M19	1	0
380658at7088	Complete	M19	1	0
624459at7088	Complete	M19	1	0
612840at7088	Complete	M19	1	0
389091at7088	Complete	M19	1	0
635987at7088	Complete	M19	1	0
621391at7088	Complete	M19	1	0
315274at7088	Complete	M19	1	0
477468at7088	Complete	M19	1	0
535422at7088	Complete	M19	1	0
592483at7088	Complete	M19	1	0
233954at7088	Complete	M19	1	0
466035at7088	Complete	M19	1	0
455864at7088	Complete	M19	1	0
480166at7088	Complete	M19	1	0
16077at7088	Complete	M19	1	0
425697at7088	Complete	M19	1	0
531448at7088	Complete	M19	1	0
552824at7088	Complete	M19	1	0
129915at7088	Complete	M19	1	0
322967at7088	Complete	M19	1	0
463113at7088	Complete	M19	1	0
642261at7088	Complete	M19	1	0
610471at7088	Complete	M19	1	0
363439at7088	Complete	M19	1	0
515317at7088	Complete	M19	1	0
149811at7088	Complete	M19	1	0
261556at7088	Complete	M19	1	0
529895at7088	Complete	M19	1	0
202992at7088	Complete	M19	1	0
659749at7088	Complete	M19	1	0
579832at7088	Complete	M19	1	0
99339at7088	Complete	M19	1	0
560086at7088	Complete	M19	1	0
586235at7088	Complete	M19	1	0
515401at7088	Complete	M19	1	0
457920at7088	Complete	M19	1	0
460377at7088	Complete	M19	1	0
436360at7088	Complete	M19	1	0
320048at7088	Complete	M19	1	0
313458at7088	Complete	M19	1	0
293335at7088	Complete	M19	1	0
636847at7088	Complete	M19	1	0
197582at7088	Complete	M19	1	0
290407at7088	Complete	M19	1	0
518741at7088	Complete	M19	1	0
439694at7088	Complete	M19	1	0
501240at7088	Complete	M19	1	0
524769at7088	Complete	M19	1	0
289412at7088	Complete	M19	1	0
349520at7088	Complete	M19	1	0
124146at7088	Complete	M19	1	0
409399at7088	Complete	M19	1	0
539045at7088	Complete	M19	1	0
383691at7088	Complete	M19	1	0
407276at7088	Complete	M19	1	0
349318at7088	Complete	M19	1	0
620554at7088	Complete	M19	1	0
333471at7088	Complete	M19	1	0
320564at7088	Complete	M19	1	0
144209at7088	Complete	M19	1	0
548601at7088	Complete	M19	1	0
413687at7088	Complete	M19	1	0
573731at7088	Complete	M19	1	0
552721at7088	Complete	M19	1	0
127316at7088	Complete	M19	1	0
355413at7088	Complete	M19	1	0
215532at7088	Complete	M19	1	0
402278at7088	Complete	M19	1	0
615423at7088	Complete	M19	1	0
564401at7088	Complete	M19	1	0
531800at7088	Complete	M19	1	0
592403at7088	Complete	M19	1	0
247667at7088	Complete	M19	1	0
357602at7088	Complete	M27	1	0
577743at7088	Complete	M27	1	0
519493at7088	Complete	M27	1	0
628418at7088	Complete	M27	1	0
531775at7088	Complete	M27	1	0
185474at7088	Complete	M27	1	0
587605at7088	Complete	M27	1	0
653061at7088	Complete	M27	1	0
621991at7088	Complete	M27	1	0
619936at7088	Complete	M27	1	0
168558at7088	Complete	M27	1	0
479092at7088	Complete	M27	1	0
325707at7088	Complete	M27	1	0
221396at7088	Complete	M27	1	0
254214at7088	Complete	M27	1	0
615689at7088	Complete	M27	1	0
220839at7088	Complete	M27	1	0
360677at7088	Complete	M27	1	0
470705at7088	Complete	M27	1	0
472690at7088	Complete	M27	1	0
600001at7088	Complete	M27	1	0
604554at7088	Complete	M27	1	0
483854at7088	Complete	M27	1	0
585369at7088	Complete	M27	1	0
563617at7088	Complete	M27	1	0
133363at7088	Complete	M27	1	0
557460at7088	Complete	M27	1	0
283273at7088	Complete	M27	1	0
518415at7088	Complete	M27	1	0
621256at7088	Complete	M27	1	0
655785at7088	Complete	M27	1	0
451187at7088	Complete	M27	1	0
624970at7088	Complete	M27	1	0
401368at7088	Complete	M27	1	0
556801at7088	Complete	M27	1	0
399091at7088	Complete	M27	1	0
575337at7088	Complete	M27	1	0
444563at7088	Complete	M27	1	0
524706at7088	Complete	M27	1	0
413553at7088	Complete	M27	1	0
559330at7088	Complete	M27	1	0
500516at7088	Complete	M27	1	0
520043at7088	Complete	M27	1	0
656046at7088	Complete	M27	1	0
616147at7088	Complete	M27	1	0
416266at7088	Complete	M27	1	0
539638at7088	Complete	M27	1	0
498367at7088	Complete	M27	1	0
170684at7088	Complete	M27	1	0
87047at7088	Complete	M28	1	0
517691at7088	Complete	M28	1	0
628149at7088	Complete	M28	1	0
595855at7088	Complete	M28	1	0
624783at7088	Complete	M28	1	0
462392at7088	Complete	M28	1	0
594966at7088	Complete	M28	1	0
542440at7088	Complete	M28	1	0
617629at7088	Complete	M28	1	0
615792at7088	Complete	M28	1	0
487869at7088	Complete	M28	1	0
384767at7088	Complete	M28	1	0
621853at7088	Complete	M28	1	0
450316at7088	Complete	M28	1	0
322300at7088	Complete	M28	1	0
472432at7088	Complete	M28	1	0
541084at7088	Complete	M28	1	0
450217at7088	Complete	M28	1	0
589528at7088	Complete	M28	1	0
525811at7088	Complete	M28	1	0
557498at7088	Complete	M28	1	0
165445at7088	Complete	M28	1	0
460554at7088	Complete	M28	1	0
616050at7088	Complete	M28	1	0
271181at7088	Complete	M28	1	0
375588at7088	Complete	M28	1	0
219794at7088	Complete	M28	1	0
355287at7088	Complete	M28	1	0
529051at7088	Complete	M28	1	0
521046at7088	Complete	M28	1	0
608083at7088	Complete	M28	1	0
635689at7088	Complete	M28	1	0
172969at7088	Complete	M28	1	0
437328at7088	Complete	M28	1	0
417469at7088	Complete	M28	1	0
608100at7088	Complete	M28	1	0
497434at7088	Complete	M28	1	0
468493at7088	Complete	M28	1	0
648554at7088	Complete	M28	1	0
596041at7088	Complete	M28	1	0
288737at7088	Complete	M28	1	0
352954at7088	Complete	M28	1	0
408042at7088	Complete	M1	1	0
448913at7088	Complete	M1	1	0
393940at7088	Complete	M1	1	0
168203at7088	Complete	M1	1	0
145069at7088	Complete	M1	1	0
590634at7088	Complete	M1	1	0
432499at7088	Complete	M1	1	0
529586at7088	Complete	M1	1	0
327828at7088	Complete	M1	1	0
588802at7088	Complete	M1	1	0
634355at7088	Complete	M1	1	0
618849at7088	Complete	M1	1	0
651264at7088	Complete	M1	1	0
500976at7088	Complete	M1	1	0
423597at7088	Complete	M1	1	0
238046at7088	Complete	M1	1	0
351587at7088	Complete	M1	1	0
620895at7088	Complete	M1	1	0
513992at7088	Complete	M1	1	0
630580at7088	Complete	M1	1	0
241746at7088	Complete	M1	1	0
652206at7088	Complete	M1	1	0
310835at7088	Complete	M1	1	0
402344at7088	Complete	M1	1	0
247814at7088	Complete	M1	1	0
272516at7088	Complete	M1	1	0
381284at7088	Complete	M1	1	0
355906at7088	Complete	M1	1	0
333665at7088	Complete	M1	1	0
388295at7088	Complete	M1	1	0
184354at7088	Complete	M1	1	0
301093at7088	Complete	M1	1	0
600770at7088	Complete	M1	1	0
573033at7088	Complete	M1	1	0
529987at7088	Complete	M1	1	0
588736at7088	Complete	M1	1	0
579576at7088	Complete	M1	1	0
528849at7088	Complete	M1	1	0
292870at7088	Complete	M1	1	0
429941at7088	Complete	M1	1	0
255196at7088	Complete	M1	1	0
399940at7088	Complete	M1	1	0
474669at7088	Complete	M1	1	0
380447at7088	Complete	M1	1	0
320153at7088	Complete	M1	1	0
112109at7088	Complete	M1	1	0
309032at7088	Complete	M1	1	0
320413at7088	Complete	M1	1	0
603280at7088	Complete	M1	1	0
98943at7088	Complete	M1	1	0
129508at7088	Complete	M1	1	0
359646at7088	Complete	M1	1	0
330074at7088	Complete	M1	1	0
469845at7088	Complete	M1	1	0
645368at7088	Complete	M1	1	0
514204at7088	Complete	M1	1	0
461835at7088	Complete	M1	1	0
229027at7088	Complete	M1	1	0
558291at7088	Complete	M1	1	0
232182at7088	Complete	M1	1	0
272757at7088	Complete	M1	1	0
302244at7088	Complete	M1	1	0
539399at7088	Complete	M1	1	0
632365at7088	Complete	M1	1	0
545676at7088	Complete	M1	1	0
404064at7088	Complete	M1	1	0
418550at7088	Complete	M1	1	0
413100at7088	Complete	M1	1	0
334584at7088	Complete	M1	1	0
440479at7088	Complete	M1	1	0
577706at7088	Complete	M1	1	0
565224at7088	Complete	M1	1	0
276824at7088	Complete	M1	1	0
119250at7088	Complete	M1	1	0
309641at7088	Complete	M1	1	0
629793at7088	Complete	M1	1	0
337665at7088	Complete	M1	1	0
598605at7088	Complete	M1	1	0
199954at7088	Complete	M1	1	0
550451at7088	Complete	M1	1	0
360254at7088	Complete	M1	1	0
336342at7088	Complete	M1	1	0
493537at7088	Complete	M1	1	0
312301at7088	Complete	M1	1	0
564313at7088	Complete	M1	1	0
438529at7088	Complete	M1	1	0
375398at7088	Complete	M1	1	0
173102at7088	Complete	M1	1	0
20072at7088	Complete	M1	1	0
392138at7088	Complete	M1	1	0
379116at7088	Complete	M1	1	0
211771at7088	Complete	M1	1	0
382409at7088	Complete	M1	1	0
516276at7088	Complete	M1	1	0
609831at7088	Complete	M1	1	0
272376at7088	Complete	M1	1	0
213431at7088	Complete	M1	1	0
606724at7088	Complete	M1	1	0
599042at7088	Complete	M1	1	0
438387at7088	Complete	M1	1	0
194788at7088	Complete	M1	1	0
279992at7088	Complete	M1	1	0
455611at7088	Complete	M1	1	0
562629at7088	Complete	M1	1	0
606360at7088	Complete	M1	1	0
639397at7088	Complete	M1	1	0
359627at7088	Complete	M1	1	0
447051at7088	Complete	M1	1	0
582961at7088	Complete	M1	1	0
222891at7088	Complete	M1	1	0
466346at7088	Complete	M1	1	0
504012at7088	Complete	M1	1	0
413187at7088	Complete	M1	1	0
496577at7088	Complete	M1	1	0
234263at7088	Complete	M1	1	0
394999at7088	Complete	M1	1	0
264611at7088	Complete	M1	1	0
232981at7088	Complete	M1	1	0
188193at7088	Complete	M1	1	0
617213at7088	Complete	M1	1	0
379155at7088	Complete	M1	1	0
372477at7088	Complete	M1	1	0
540634at7088	Complete	M1	1	0
533595at7088	Complete	M1	1	0
429151at7088	Complete	M1	1	0
651532at7088	Complete	M1	1	0
528995at7088	Complete	M1	1	0
433896at7088	Complete	M1	1	0
624726at7088	Complete	M1	1	0
130310at7088	Complete	M1	1	0
551944at7088	Complete	M1	1	0
589248at7088	Complete	M1	1	0
608845at7088	Complete	M1	1	0
449681at7088	Complete	M1	1	0
291737at7088	Complete	M1	1	0
269840at7088	Complete	M1	1	0
405615at7088	Complete	M1	1	0
505024at7088	Complete	M1	1	0
492106at7088	Complete	M1	1	0
562123at7088	Complete	M1	1	0
162340at7088	Complete	M1	1	0
501979at7088	Complete	M1	1	0
547019at7088	Complete	M1	1	0
463264at7088	Complete	M1	1	0
545124at7088	Complete	M1	1	0
640676at7088	Complete	M1	1	0
524035at7088	Complete	M1	1	0
276829at7088	Complete	M1	1	0
370347at7088	Complete	M1	1	0
473299at7088	Complete	M1	1	0
442940at7088	Complete	M1	1	0
392698at7088	Complete	M1	1	0
496429at7088	Complete	M1	1	0
111736at7088	Complete	M1	1	0
643250at7088	Complete	M1	1	0
659410at7088	Complete	M1	1	0
577200at7088	Complete	M1	1	0
625723at7088	Complete	M1	1	0
619709at7088	Complete	M1	1	0
560142at7088	Complete	M1	1	0
519080at7088	Complete	M1	1	0
390624at7088	Complete	M1	1	0
100550at7088	Complete	M1	1	0
398827at7088	Complete	M1	1	0
430418at7088	Complete	M1	1	0
518171at7088	Complete	M1	1	0
465969at7088	Complete	M1	1	0
168657at7088	Complete	M1	1	0
534529at7088	Complete	M1	1	0
381380at7088	Complete	M1	1	0
468721at7088	Complete	M1	1	0
482560at7088	Complete	M1	1	0
520349at7088	Complete	M1	1	0
427376at7088	Complete	M1	1	0
507955at7088	Complete	M1	1	0
254574at7088	Complete	M1	1	0
239359at7088	Complete	M1	1	0
454476at7088	Complete	M1	1	0
626269at7088	Complete	M1	1	0
602989at7088	Complete	M1	1	0
430822at7088	Complete	M1	1	0
231211at7088	Complete	M1	1	0
402785at7088	Complete	M1	1	0
329053at7088	Complete	M1	1	0
504349at7088	Complete	M1	1	0
608241at7088	Complete	M1	1	0
589507at7088	Complete	M1	1	0
620768at7088	Complete	M1	1	0
550792at7088	Complete	M1	1	0
207712at7088	Complete	M1	1	0
283494at7088	Complete	M1	1	0
333161at7088	Complete	M1	1	0
557326at7088	Complete	M1	1	0
250466at7088	Complete	M1	1	0
569476at7088	Complete	M1	1	0
387921at7088	Complete	M1	1	0
192076at7088	Complete	M1	1	0
636346at7088	Complete	M1	1	0
399857at7088	Complete	M1	1	0
165297at7088	Complete	M1	1	0
646205at7088	Complete	M1	1	0
285386at7088	Complete	M1	1	0
263251at7088	Complete	M1	1	0
532710at7088	Complete	M1	1	0
626002at7088	Complete	M1	1	0
511044at7088	Complete	M1	1	0
449184at7088	Complete	M1	1	0
347106at7088	Complete	M1	1	0
278656at7088	Complete	M1	1	0
78970at7088	Complete	M1	1	0
550039at7088	Complete	M1	1	0
552804at7088	Complete	M1	1	0
253210at7088	Complete	M1	1	0
413603at7088	Complete	M1	1	0
581945at7088	Complete	M1	1	0
582257at7088	Complete	M1	1	0
475599at7088	Complete	M1	1	0
331946at7088	Complete	M1	1	0
570337at7088	Complete	M1	1	0
392571at7088	Complete	M1	1	0
543130at7088	Complete	M1	1	0
508046at7088	Complete	M1	1	0
417509at7088	Complete	M1	1	0
505197at7088	Complete	M1	1	0
427785at7088	Complete	M1	1	0
180910at7088	Complete	M1	1	0
482062at7088	Complete	M1	1	0
146590at7088	Complete	M1	1	0
114114at7088	Complete	M1	1	0
389852at7088	Complete	M1	1	0
459737at7088	Complete	M1	1	0
384919at7088	Complete	M1	1	0
417938at7088	Complete	M1	1	0
262588at7088	Complete	M1	1	0
305620at7088	Complete	M1	1	0
519291at7088	Complete	M1	1	0
593567at7088	Complete	M1	1	0
285234at7088	Complete	M1	1	0
618759at7088	Complete	M1	1	0
307957at7088	Complete	M1	1	0
272246at7088	Complete	M1	1	0
528497at7088	Complete	M1	1	0
536826at7088	Complete	M1	1	0
481190at7088	Complete	M1	1	0
439132at7088	Complete	M1	1	0
555325at7088	Complete	M1	1	0
40320at7088	Complete	M1	1	0
336138at7088	Complete	M1	1	0
174128at7088	Complete	M1	1	0
621078at7088	Complete	M1	1	0
493478at7088	Complete	M1	1	0
162789at7088	Complete	M1	1	0
364618at7088	Complete	M1	1	0
312170at7088	Complete	M1	1	0
351540at7088	Complete	M1	1	0
67507at7088	Complete	M1	1	0
359210at7088	Complete	M1	1	0
620601at7088	Complete	M1	1	0
20793at7088	Complete	M1	1	0
508349at7088	Complete	M1	1	0
197918at7088	Complete	M1	1	0
434234at7088	Complete	M1	1	0
562461at7088	Complete	M1	1	0
482596at7088	Complete	M1	1	0
115148at7088	Complete	M1	1	0
392460at7088	Complete	M1	1	0
295325at7088	Complete	M1	1	0
316970at7088	Complete	M1	1	0
246071at7088	Complete	M1	1	0
509568at7088	Complete	M1	1	0
525244at7088	Complete	M1	1	0
411404at7088	Complete	M1	1	0
268591at7088	Complete	M1	1	0
94638at7088	Complete	M1	1	0
361355at7088	Complete	M1	1	0
408558at7088	Complete	M1	1	0
578965at7088	Complete	M1	1	0
350722at7088	Complete	M1	1	0
427999at7088	Complete	M1	1	0
589681at7088	Complete	M1	1	0
590317at7088	Complete	M1	1	0
401455at7088	Complete	M1	1	0
528570at7088	Complete	M1	1	0
426206at7088	Complete	M1	1	0
173173at7088	Complete	M1	1	0
406764at7088	Complete	M1	1	0
393293at7088	Complete	M1	1	0
637748at7088	Complete	M1	1	0
362421at7088	Complete	M1	1	0
526959at7088	Complete	M1	1	0
600312at7088	Complete	M1	1	0
449085at7088	Complete	M2	1	0
294988at7088	Complete	M2	1	0
246642at7088	Complete	M2	1	0
242253at7088	Complete	M2	1	0
380329at7088	Complete	M2	1	0
432472at7088	Complete	M2	1	0
547310at7088	Complete	M2	1	0
590173at7088	Complete	M2	1	0
117968at7088	Complete	M2	1	0
623108at7088	Complete	M2	1	0
534157at7088	Complete	M2	1	0
509392at7088	Complete	M2	1	0
622910at7088	Complete	M2	1	0
632515at7088	Complete	M2	1	0
419774at7088	Complete	M2	1	0
415281at7088	Complete	M2	1	0
346134at7088	Complete	M2	1	0
585849at7088	Complete	M2	1	0
533880at7088	Complete	M2	1	0
624398at7088	Complete	M2	1	0
617656at7088	Complete	M2	1	0
425148at7088	Complete	M2	1	0
209683at7088	Complete	M2	1	0
556459at7088	Complete	M2	1	0
587101at7088	Complete	M2	1	0
460833at7088	Complete	M2	1	0
278283at7088	Complete	M2	1	0
452192at7088	Complete	M2	1	0
119170at7088	Complete	M2	1	0
342463at7088	Complete	M2	1	0
306631at7088	Complete	M2	1	0
444570at7088	Complete	M2	1	0
450402at7088	Complete	M2	1	0
619292at7088	Complete	M2	1	0
555709at7088	Complete	M2	1	0
273855at7088	Complete	M2	1	0
543511at7088	Complete	M2	1	0
631638at7088	Complete	M2	1	0
158141at7088	Complete	M2	1	0
268260at7088	Complete	M2	1	0
404762at7088	Complete	M2	1	0
389945at7088	Complete	M2	1	0
604418at7088	Complete	M2	1	0
615817at7088	Complete	M2	1	0
601226at7088	Complete	M2	1	0
534536at7088	Complete	M2	1	0
567942at7088	Complete	M2	1	0
471541at7088	Complete	M2	1	0
662698at7088	Complete	M2	1	0
581445at7088	Complete	M2	1	0
350508at7088	Complete	M2	1	0
427938at7088	Complete	M2	1	0
384088at7088	Complete	M2	1	0
444219at7088	Complete	M2	1	0
547320at7088	Complete	M2	1	0
544174at7088	Complete	M2	1	0
512015at7088	Complete	M2	1	0
475722at7088	Complete	M2	1	0
281465at7088	Complete	M2	1	0
325532at7088	Complete	M2	1	0
265181at7088	Complete	M2	1	0
254279at7088	Complete	M2	1	0
567830at7088	Complete	M2	1	0
625256at7088	Complete	M2	1	0
629340at7088	Complete	M2	1	0
360994at7088	Complete	M2	1	0
234816at7088	Complete	M2	1	0
610965at7088	Complete	M2	1	0
319825at7088	Complete	M2	1	0
648921at7088	Complete	M2	1	0
584495at7088	Complete	M2	1	0
343635at7088	Complete	M2	1	0
179367at7088	Complete	M2	1	0
472910at7088	Complete	M2	1	0
213737at7088	Complete	M2	1	0
631559at7088	Complete	M2	1	0
580638at7088	Complete	M2	1	0
343492at7088	Complete	M2	1	0
636025at7088	Complete	M2	1	0
644090at7088	Complete	M2	1	0
446759at7088	Complete	M2	1	0
514432at7088	Complete	M2	1	0
480834at7088	Complete	M2	1	0
585508at7088	Complete	M2	1	0
622193at7088	Complete	M2	1	0
170674at7088	Complete	M2	1	0
605472at7088	Complete	M2	1	0
38354at7088	Complete	M2	1	0
579717at7088	Complete	M2	1	0
567604at7088	Complete	M2	1	0
232541at7088	Complete	M2	1	0
528568at7088	Complete	M2	1	0
373404at7088	Complete	M2	1	0
248567at7088	Complete	M2	1	0
502115at7088	Complete	M2	1	0
615389at7088	Complete	M2	1	0
598194at7088	Complete	M2	1	0
650869at7088	Complete	M2	1	0
623459at7088	Complete	M2	1	0
576446at7088	Complete	M2	1	0
413332at7088	Complete	M2	1	0
602932at7088	Complete	M2	1	0
517649at7088	Complete	M2	1	0
538936at7088	Complete	M2	1	0
467815at7088	Complete	M2	1	0
483168at7088	Complete	M2	1	0
268425at7088	Complete	M2	1	0
526809at7088	Complete	M2	1	0
556517at7088	Complete	M2	1	0
646030at7088	Complete	M2	1	0
294915at7088	Complete	M2	1	0
653146at7088	Complete	M2	1	0
512106at7088	Complete	M2	1	0
613023at7088	Complete	M2	1	0
358732at7088	Complete	M2	1	0
239045at7088	Complete	M2	1	0
586998at7088	Complete	M2	1	0
345260at7088	Complete	M2	1	0
169629at7088	Complete	M2	1	0
574477at7088	Complete	M2	1	0
501745at7088	Complete	M2	1	0
156129at7088	Complete	M2	1	0
362833at7088	Complete	M2	1	0
292763at7088	Complete	M2	1	0
313364at7088	Complete	M2	1	0
499596at7088	Complete	M2	1	0
549593at7088	Complete	M2	1	0
379941at7088	Complete	M2	1	0
269384at7088	Complete	M2	1	0
473213at7088	Complete	M2	1	0
365579at7088	Complete	M2	1	0
607787at7088	Complete	M2	1	0
434031at7088	Complete	M2	1	0
508876at7088	Complete	M2	1	0
388067at7088	Complete	M2	1	0
458414at7088	Complete	M2	1	0
228419at7088	Complete	M2	1	0
561326at7088	Complete	M2	1	0
237481at7088	Complete	M2	1	0
339470at7088	Complete	M2	1	0
515991at7088	Complete	M2	1	0
404068at7088	Complete	M2	1	0
344175at7088	Complete	M2	1	0
217229at7088	Complete	M2	1	0
168061at7088	Complete	M2	1	0
594084at7088	Complete	M2	1	0
484893at7088	Complete	M2	1	0
445926at7088	Complete	M2	1	0
507629at7088	Complete	M2	1	0
512426at7088	Complete	M2	1	0
541843at7088	Complete	M2	1	0
408886at7088	Complete	M2	1	0
341659at7088	Complete	M2	1	0
596179at7088	Complete	M2	1	0
329495at7088	Complete	M2	1	0
543291at7088	Complete	M2	1	0
421857at7088	Complete	M2	1	0
375995at7088	Complete	M2	1	0
306145at7088	Complete	M2	1	0
311668at7088	Complete	M2	1	0
557565at7088	Complete	M2	1	0
260381at7088	Complete	M2	1	0
210525at7088	Complete	M2	1	0
418631at7088	Complete	M2	1	0
488621at7088	Complete	M2	1	0
643455at7088	Complete	M2	1	0
566929at7088	Complete	M2	1	0
573019at7088	Complete	M2	1	0
325063at7088	Complete	M2	1	0
649959at7088	Complete	M2	1	0
594808at7088	Complete	M2	1	0
528185at7088	Complete	M2	1	0
275437at7088	Complete	M2	1	0
327483at7088	Complete	M2	1	0
613956at7088	Complete	M2	1	0
531842at7088	Complete	M2	1	0
483743at7088	Complete	M2	1	0
546240at7088	Complete	M2	1	0
497942at7088	Complete	M2	1	0
520993at7088	Complete	M2	1	0
463378at7088	Complete	M2	1	0
278836at7088	Complete	M2	1	0
227677at7088	Complete	M2	1	0
458336at7088	Complete	M2	1	0
144497at7088	Complete	M2	1	0
234908at7088	Complete	M2	1	0
391384at7088	Complete	M2	1	0
523702at7088	Complete	M2	1	0
378987at7088	Complete	M2	1	0
420821at7088	Complete	M2	1	0
388391at7088	Complete	M2	1	0
516231at7088	Complete	M2	1	0
147979at7088	Complete	M2	1	0
543757at7088	Complete	M2	1	0
521822at7088	Complete	M2	1	0
271791at7088	Complete	M2	1	0
302675at7088	Complete	M2	1	0
541903at7088	Complete	M2	1	0
50482at7088	Complete	M2	1	0
399778at7088	Complete	M2	1	0
530920at7088	Complete	M2	1	0
379611at7088	Complete	M2	1	0
215857at7088	Complete	M2	1	0
450525at7088	Complete	M2	1	0
507877at7088	Complete	M2	1	0
325328at7088	Complete	M2	1	0
396672at7088	Complete	M2	1	0
504039at7088	Complete	M2	1	0
216016at7088	Complete	M2	1	0
564509at7088	Complete	M2	1	0
543034at7088	Complete	M2	1	0
633688at7088	Complete	M2	1	0
219931at7088	Complete	M2	1	0
196103at7088	Complete	M2	1	0
544142at7088	Complete	M2	1	0
444511at7088	Complete	M2	1	0
588662at7088	Complete	M2	1	0
480705at7088	Complete	M2	1	0
278567at7088	Complete	M2	1	0
524984at7088	Complete	M2	1	0
473153at7088	Complete	M2	1	0
590243at7088	Complete	M2	1	0
572102at7088	Complete	M2	1	0
286769at7088	Complete	M2	1	0
559086at7088	Complete	M2	1	0
572384at7088	Complete	M2	1	0
134769at7088	Complete	M2	1	0
256697at7088	Complete	M2	1	0
596169at7088	Complete	M2	1	0
216329at7088	Complete	M2	1	0
312556at7088	Complete	M2	1	0
471796at7088	Complete	M2	1	0
582278at7088	Complete	M2	1	0
363254at7088	Complete	M2	1	0
437524at7088	Complete	M2	1	0
561534at7088	Complete	M2	1	0
341551at7088	Complete	M2	1	0
470449at7088	Complete	M2	1	0
198460at7088	Complete	M2	1	0
176429at7088	Complete	M2	1	0
458006at7088	Complete	M2	1	0
386743at7088	Complete	M2	1	0
333622at7088	Complete	M2	1	0
273768at7088	Complete	M2	1	0
513831at7088	Complete	M3	1	0
626864at7088	Complete	M3	1	0
642215at7088	Complete	M3	1	0
348451at7088	Complete	M3	1	0
490204at7088	Complete	M3	1	0
351319at7088	Complete	M3	1	0
562864at7088	Complete	M3	1	0
503451at7088	Complete	M3	1	0
599938at7088	Complete	M3	1	0
435710at7088	Complete	M3	1	0
394348at7088	Complete	M3	1	0
431588at7088	Complete	M3	1	0
550655at7088	Complete	M3	1	0
377275at7088	Complete	M3	1	0
421277at7088	Complete	M3	1	0
400382at7088	Complete	M3	1	0
459187at7088	Complete	M3	1	0
374612at7088	Complete	M3	1	0
179185at7088	Complete	M3	1	0
148948at7088	Complete	M3	1	0
231989at7088	Complete	M3	1	0
295053at7088	Complete	M3	1	0
555510at7088	Complete	M3	1	0
579178at7088	Complete	M3	1	0
427017at7088	Complete	M3	1	0
162920at7088	Complete	M3	1	0
574130at7088	Complete	M3	1	0
628901at7088	Complete	M3	1	0
298778at7088	Complete	M3	1	0
475416at7088	Complete	M3	1	0
488018at7088	Complete	M3	1	0
586438at7088	Complete	M3	1	0
661220at7088	Complete	M3	1	0
618283at7088	Complete	M3	1	0
113908at7088	Complete	M3	1	0
152455at7088	Complete	M3	1	0
574769at7088	Complete	M3	1	0
424157at7088	Complete	M3	1	0
593975at7088	Complete	M3	1	0
373819at7088	Complete	M3	1	0
621823at7088	Complete	M3	1	0
307937at7088	Complete	M3	1	0
535004at7088	Complete	M3	1	0
478954at7088	Complete	M3	1	0
583697at7088	Complete	M3	1	0
622244at7088	Complete	M3	1	0
498529at7088	Complete	M3	1	0
583666at7088	Complete	M3	1	0
423569at7088	Complete	M3	1	0
591116at7088	Complete	M3	1	0
511476at7088	Complete	M3	1	0
504409at7088	Complete	M3	1	0
410759at7088	Complete	M3	1	0
505694at7088	Complete	M3	1	0
335518at7088	Complete	M3	1	0
628593at7088	Complete	M3	1	0
613920at7088	Complete	M3	1	0
643570at7088	Complete	M3	1	0
406077at7088	Complete	M3	1	0
133870at7088	Complete	M3	1	0
441131at7088	Complete	M3	1	0
374540at7088	Complete	M3	1	0
435291at7088	Complete	M3	1	0
485251at7088	Complete	M3	1	0
579393at7088	Complete	M3	1	0
457874at7088	Complete	M3	1	0
543832at7088	Complete	M3	1	0
613484at7088	Complete	M3	1	0
325124at7088	Complete	M3	1	0
567113at7088	Complete	M3	1	0
147185at7088	Complete	M3	1	0
547041at7088	Complete	M3	1	0
516412at7088	Complete	M3	1	0
295728at7088	Complete	M3	1	0
254229at7088	Complete	M3	1	0
175339at7088	Complete	M3	1	0
497066at7088	Complete	M3	1	0
603980at7088	Complete	M3	1	0
376406at7088	Complete	M3	1	0
232604at7088	Complete	M3	1	0
571277at7088	Complete	M3	1	0
478415at7088	Complete	M3	1	0
542963at7088	Complete	M3	1	0
604224at7088	Complete	M3	1	0
587714at7088	Complete	M3	1	0
349011at7088	Complete	M3	1	0
618046at7088	Complete	M3	1	0
591555at7088	Complete	M3	1	0
257844at7088	Complete	M3	1	0
378221at7088	Complete	M3	1	0
298673at7088	Complete	M3	1	0
635460at7088	Complete	M3	1	0
648343at7088	Complete	M3	1	0
205325at7088	Complete	M3	1	0
151778at7088	Complete	M3	1	0
266261at7088	Complete	M3	1	0
301814at7088	Complete	M3	1	0
477985at7088	Complete	M3	1	0
613698at7088	Complete	M3	1	0
384482at7088	Complete	M3	1	0
542840at7088	Complete	M3	1	0
334720at7088	Complete	M3	1	0
568924at7088	Complete	M3	1	0
436528at7088	Complete	M3	1	0
389478at7088	Complete	M3	1	0
336457at7088	Complete	M3	1	0
333005at7088	Complete	M3	1	0
524160at7088	Complete	M3	1	0
559328at7088	Complete	M3	1	0
189835at7088	Complete	M3	1	0
624460at7088	Complete	M3	1	0
401343at7088	Complete	M3	1	0
210543at7088	Complete	M3	1	0
406170at7088	Complete	M3	1	0
631259at7088	Complete	M3	1	0
411851at7088	Complete	M3	1	0
423147at7088	Complete	M3	1	0
369276at7088	Complete	M3	1	0
465719at7088	Complete	M3	1	0
269662at7088	Complete	M3	1	0
527539at7088	Complete	M3	1	0
133534at7088	Complete	M3	1	0
640742at7088	Complete	M3	1	0
606427at7088	Complete	M3	1	0
414094at7088	Complete	M3	1	0
259533at7088	Complete	M3	1	0
562602at7088	Complete	M3	1	0
342218at7088	Complete	M3	1	0
379097at7088	Complete	M3	1	0
196060at7088	Complete	M3	1	0
155008at7088	Complete	M3	1	0
384433at7088	Complete	M3	1	0
433531at7088	Complete	M3	1	0
240956at7088	Complete	M3	1	0
587989at7088	Complete	M3	1	0
534981at7088	Complete	M3	1	0
425450at7088	Complete	M3	1	0
440635at7088	Complete	M3	1	0
641368at7088	Complete	M3	1	0
359150at7088	Complete	M3	1	0
134898at7088	Complete	M3	1	0
621327at7088	Complete	M3	1	0
512123at7088	Complete	M3	1	0
387492at7088	Complete	M3	1	0
511311at7088	Complete	M3	1	0
197779at7088	Complete	M3	1	0
525128at7088	Complete	M3	1	0
341620at7088	Complete	M3	1	0
304337at7088	Complete	M3	1	0
347557at7088	Complete	M3	1	0
189628at7088	Complete	M3	1	0
545806at7088	Complete	M3	1	0
286907at7088	Complete	M3	1	0
533180at7088	Complete	M3	1	0
571186at7088	Complete	M3	1	0
502349at7088	Complete	M3	1	0
523119at7088	Complete	M3	1	0
515915at7088	Complete	M3	1	0
382300at7088	Complete	M3	1	0
498893at7088	Complete	M3	1	0
495075at7088	Complete	M3	1	0
624751at7088	Complete	M3	1	0
503210at7088	Complete	M3	1	0
503819at7088	Complete	M3	1	0
117183at7088	Complete	M3	1	0
275335at7088	Complete	M3	1	0
520128at7088	Complete	M3	1	0
487655at7088	Complete	M3	1	0
432036at7088	Complete	M3	1	0
318892at7088	Complete	M3	1	0
367834at7088	Complete	M3	1	0
400569at7088	Complete	M3	1	0
632141at7088	Complete	M3	1	0
589179at7088	Complete	M3	1	0
631007at7088	Complete	M3	1	0
521281at7088	Complete	M3	1	0
602686at7088	Complete	M3	1	0
122818at7088	Complete	M3	1	0
406309at7088	Complete	M3	1	0
549293at7088	Complete	M3	1	0
579741at7088	Complete	M3	1	0
454223at7088	Complete	M3	1	0
523489at7088	Complete	M3	1	0
535303at7088	Complete	M3	1	0
348048at7088	Complete	M3	1	0
545677at7088	Complete	M3	1	0
390638at7088	Complete	M3	1	0
600783at7088	Complete	M3	1	0
506528at7088	Complete	M3	1	0
506247at7088	Complete	M3	1	0
652557at7088	Complete	M3	1	0
513745at7088	Complete	M3	1	0
156603at7088	Complete	M3	1	0
411231at7088	Complete	M3	1	0
679at7088	Complete	M3	1	0
494083at7088	Complete	M3	1	0
536981at7088	Complete	M3	1	0
512784at7088	Complete	M3	1	0
226383at7088	Complete	M3	1	0
320410at7088	Complete	M3	1	0
471076at7088	Complete	M3	1	0
549121at7088	Complete	M3	1	0
561561at7088	Complete	M3	1	0
352287at7088	Complete	M3	1	0
614089at7088	Complete	M3	1	0
529404at7088	Complete	M3	1	0
317800at7088	Complete	M3	1	0
504553at7088	Complete	M3	1	0
350407at7088	Complete	M3	1	0
565369at7088	Complete	M3	1	0
333125at7088	Complete	M3	1	0
407500at7088	Complete	M3	1	0
519520at7088	Complete	M3	1	0
615323at7088	Complete	M3	1	0
275760at7088	Complete	M3	1	0
448280at7088	Complete	M3	1	0
323931at7088	Complete	M3	1	0
250953at7088	Complete	M3	1	0
288970at7088	Complete	M3	1	0
417447at7088	Complete	M3	1	0
532640at7088	Complete	M3	1	0
594188at7088	Complete	M3	1	0
590860at7088	Complete	M3	1	0
75748at7088	Complete	M3	1	0
154855at7088	Complete	M3	1	0
567545at7088	Complete	M3	1	0
489471at7088	Complete	M3	1	0
461539at7088	Complete	M3	1	0
139519at7088	Complete	M3	1	0
453180at7088	Complete	M3	1	0
448083at7088	Complete	M3	1	0
427600at7088	Complete	M3	1	0
353013at7088	Complete	M3	1	0
546978at7088	Complete	M3	1	0
443678at7088	Complete	M3	1	0
521416at7088	Complete	M3	1	0
142250at7088	Complete	M3	1	0
558346at7088	Complete	M3	1	0
435483at7088	Complete	M3	1	0
568249at7088	Complete	M3	1	0
183573at7088	Complete	M3	1	0
457229at7088	Complete	M3	1	0
633710at7088	Complete	M3	1	0
322483at7088	Complete	M3	1	0
624248at7088	Complete	M3	1	0
273581at7088	Complete	MZ	1	0
398009at7088	Complete	MZ	1	0
376876at7088	Complete	MZ	1	0
567677at7088	Complete	MZ	1	0
357307at7088	Complete	MZ	1	0
577369at7088	Complete	MZ	1	0
406821at7088	Complete	MZ	1	0
570819at7088	Complete	MZ	1	0
588569at7088	Complete	MZ	1	0
209431at7088	Complete	MZ	1	0
527775at7088	Complete	MZ	1	0
237608at7088	Complete	MZ	1	0
642474at7088	Complete	MZ	1	0
578461at7088	Complete	MZ	1	0
312233at7088	Complete	MZ	1	0
366597at7088	Complete	MZ	1	0
160633at7088	Complete	MZ	1	0
224307at7088	Complete	MZ	1	0
537629at7088	Complete	MZ	1	0
346142at7088	Complete	MZ	1	0
355297at7088	Complete	MZ	1	0
472217at7088	Complete	MZ	1	0
62372at7088	Complete	MZ	1	0
208123at7088	Complete	MZ	1	0
528179at7088	Complete	MZ	1	0
578048at7088	Complete	MZ	1	0
592321at7088	Complete	MZ	1	0
381521at7088	Complete	MZ	1	0
527080at7088	Complete	MZ	1	0
246137at7088	Complete	MZ	1	0
343026at7088	Complete	MZ	1	0
591562at7088	Complete	MZ	1	0
572450at7088	Complete	MZ	1	0
489083at7088	Complete	MZ	1	0
500552at7088	Complete	MZ	1	0
518031at7088	Complete	MZ	1	0
455231at7088	Complete	MZ	1	0
438584at7088	Complete	MZ	1	0
324610at7088	Complete	MZ	1	0
630916at7088	Complete	MZ	1	0
444400at7088	Complete	MZ	1	0
513580at7088	Complete	MZ	1	0
296853at7088	Complete	MZ	1	0
531652at7088	Complete	MZ	1	0
485977at7088	Complete	MZ	1	0
313834at7088	Complete	MZ	1	0
226038at7088	Complete	MZ	1	0
174670at7088	Complete	MZ	1	0
464219at7088	Complete	MZ	1	0
368914at7088	Complete	MZ	1	0
288984at7088	Complete	MZ	1	0
585511at7088	Complete	MZ	1	0
639429at7088	Complete	MZ	1	0
576623at7088	Complete	MZ	1	0
631744at7088	Complete	MZ	1	0
555885at7088	Complete	MZ	1	0
538809at7088	Complete	MZ	1	0
233245at7088	Complete	MZ	1	0
534357at7088	Complete	MZ	1	0
430271at7088	Complete	MZ	1	0
555694at7088	Complete	MZ	1	0
288753at7088	Complete	MZ	1	0
597258at7088	Complete	MZ	1	0
389094at7088	Complete	MZ	1	0
513672at7088	Complete	MZ	1	0
311283at7088	Complete	MZ	1	0
587335at7088	Complete	MZ	1	0
566586at7088	Complete	MZ	1	0
628893at7088	Complete	MZ	1	0
566168at7088	Complete	MZ	1	0
537898at7088	Complete	MZ	1	0
466391at7088	Complete	MZ	1	0
484170at7088	Complete	MZ	1	0
610817at7088	Complete	MZ	1	0
393424at7088	Complete	MZ	1	0
586195at7088	Complete	MZ	1	0
515450at7088	Complete	MZ	1	0
645880at7088	Complete	MZ	1	0
525103at7088	Complete	MZ	1	0
607462at7088	Complete	MZ	1	0
630584at7088	Complete	MZ	1	0
346525at7088	Complete	MZ	1	0
522824at7088	Complete	MZ	1	0
578254at7088	Complete	MZ	1	0
566313at7088	Complete	MZ	1	0
577069at7088	Complete	MZ	1	0
515048at7088	Complete	MZ	1	0
331544at7088	Complete	MZ	1	0
434970at7088	Complete	MZ	1	0
194631at7088	Complete	MZ	1	0
533691at7088	Complete	MZ	1	0
583714at7088	Complete	MZ	1	0
249302at7088	Complete	MZ	1	0
467585at7088	Complete	MZ	1	0
508990at7088	Complete	MZ	1	0
196262at7088	Complete	MZ	1	0
439034at7088	Complete	MZ	1	0
433283at7088	Complete	MZ	1	0
655806at7088	Complete	MZ	1	0
541105at7088	Complete	MZ	1	0
351425at7088	Complete	MZ	1	0
582956at7088	Complete	MZ	1	0
308980at7088	Complete	MZ	1	0
562444at7088	Complete	MZ	1	0
305135at7088	Complete	MZ	1	0
80329at7088	Complete	MZ	1	0
499725at7088	Complete	MZ	1	0
554755at7088	Complete	MZ	1	0
581294at7088	Complete	MZ	1	0
533869at7088	Complete	MZ	1	0
604260at7088	Complete	MZ	1	0
484263at7088	Complete	MZ	1	0
495642at7088	Complete	MZ	1	0
59859at7088	Complete	MZ	1	0
239972at7088	Complete	MZ	1	0
616243at7088	Complete	MZ	1	0
294775at7088	Complete	MZ	1	0
431081at7088	Complete	MZ	1	0
564730at7088	Complete	MZ	1	0
513774at7088	Complete	MZ	1	0
589659at7088	Complete	MZ	1	0
263195at7088	Complete	MZ	1	0
536575at7088	Complete	MZ	1	0
550222at7088	Complete	MZ	1	0
632863at7088	Complete	MZ	1	0
214686at7088	Complete	MZ	1	0
367474at7088	Complete	MZ	1	0
561524at7088	Complete	MZ	1	0
538940at7088	Complete	MZ	1	0
443204at7088	Complete	MZ	1	0
529091at7088	Complete	MZ	1	0
563470at7088	Complete	MZ	1	0
556509at7088	Complete	MZ	1	0
389191at7088	Complete	MZ	1	0
126724at7088	Complete	MZ	1	0
331933at7088	Complete	MZ	1	0
419458at7088	Complete	MZ	1	0
325108at7088	Complete	M8	1	0
567366at7088	Complete	M8	1	0
436763at7088	Complete	M8	1	0
576158at7088	Complete	M8	1	0
289035at7088	Complete	M8	1	0
380143at7088	Complete	M8	1	0
447510at7088	Complete	M8	1	0
301472at7088	Complete	M8	1	0
488524at7088	Complete	M8	1	0
638029at7088	Complete	M8	1	0
648172at7088	Complete	M8	1	0
522912at7088	Complete	M8	1	0
597384at7088	Complete	M8	1	0
329183at7088	Complete	M8	1	0
366254at7088	Complete	M8	1	0
128305at7088	Complete	M8	1	0
401053at7088	Complete	M8	1	0
520473at7088	Complete	M8	1	0
619509at7088	Complete	M8	1	0
405166at7088	Complete	M8	1	0
191026at7088	Complete	M8	1	0
622096at7088	Complete	M8	1	0
629804at7088	Complete	M8	1	0
612539at7088	Complete	M8	1	0
367074at7088	Complete	M8	1	0
542153at7088	Complete	M8	1	0
156074at7088	Complete	M8	1	0
500534at7088	Complete	M8	1	0
433031at7088	Complete	M8	1	0
536622at7088	Complete	M8	1	0
528957at7088	Complete	M8	1	0
396820at7088	Complete	M8	1	0
317571at7088	Complete	M8	1	0
149567at7088	Complete	M8	1	0
608471at7088	Complete	M8	1	0
296996at7088	Complete	M8	1	0
575408at7088	Complete	M8	1	0
418956at7088	Complete	M8	1	0
416692at7088	Complete	M8	1	0
484661at7088	Complete	M8	1	0
544761at7088	Complete	M8	1	0
250096at7088	Complete	M8	1	0
283920at7088	Complete	M8	1	0
294006at7088	Complete	M8	1	0
551483at7088	Complete	M8	1	0
582815at7088	Complete	M8	1	0
620333at7088	Complete	M8	1	0
618432at7088	Complete	M8	1	0
398850at7088	Complete	M8	1	0
277108at7088	Complete	M8	1	0
483456at7088	Complete	M8	1	0
540668at7088	Complete	M8	1	0
632167at7088	Complete	M8	1	0
461837at7088	Complete	M8	1	0
614951at7088	Complete	M8	1	0
581356at7088	Complete	M8	1	0
275591at7088	Complete	M8	1	0
258794at7088	Complete	M8	1	0
245460at7088	Complete	M8	1	0
445825at7088	Complete	M8	1	0
555001at7088	Complete	M8	1	0
551776at7088	Complete	M8	1	0
445528at7088	Complete	M8	1	0
553516at7088	Complete	M8	1	0
379287at7088	Complete	M8	1	0
421680at7088	Complete	M8	1	0
474528at7088	Complete	M8	1	0
418145at7088	Complete	M8	1	0
446219at7088	Complete	M8	1	0
413409at7088	Complete	M8	1	0
598228at7088	Complete	M8	1	0
652338at7088	Complete	M8	1	0
313193at7088	Complete	M8	1	0
643924at7088	Complete	M8	1	0
635037at7088	Complete	M8	1	0
522052at7088	Complete	M8	1	0
636808at7088	Complete	M8	1	0
231081at7088	Complete	M8	1	0
456614at7088	Complete	M8	1	0
475080at7088	Complete	M8	1	0
150144at7088	Complete	M8	1	0
414284at7088	Complete	M8	1	0
588941at7088	Complete	M8	1	0
485226at7088	Complete	M8	1	0
120952at7088	Complete	M8	1	0
289285at7088	Complete	M8	1	0
460967at7088	Complete	M8	1	0
151576at7088	Complete	M8	1	0
437000at7088	Complete	M8	1	0
589947at7088	Complete	M8	1	0
110211at7088	Complete	M8	1	0
453472at7088	Complete	M8	1	0
639360at7088	Complete	M8	1	0
331244at7088	Complete	M8	1	0
342100at7088	Complete	M8	1	0
573208at7088	Complete	M8	1	0
420113at7088	Complete	M8	1	0
244198at7088	Complete	M8	1	0
481603at7088	Complete	M8	1	0
660237at7088	Complete	M8	1	0
577150at7088	Complete	M8	1	0
495411at7088	Complete	M8	1	0
409676at7088	Complete	M8	1	0
541217at7088	Complete	M8	1	0
594387at7088	Complete	M8	1	0
455503at7088	Complete	M8	1	0
519438at7088	Complete	M8	1	0
531333at7088	Complete	M8	1	0
423406at7088	Complete	M8	1	0
569822at7088	Complete	M8	1	0
135982at7088	Complete	M8	1	0
487179at7088	Complete	M8	1	0
483859at7088	Complete	M8	1	0
310531at7088	Complete	M8	1	0
225912at7088	Complete	M8	1	0
625249at7088	Complete	M8	1	0
534045at7088	Complete	M8	1	0
240214at7088	Complete	M8	1	0
613637at7088	Complete	M8	1	0
191573at7088	Complete	M8	1	0
579646at7088	Complete	M8	1	0
361297at7088	Complete	M8	1	0
182087at7088	Complete	M8	1	0
472606at7088	Complete	M8	1	0
207352at7088	Complete	M8	1	0
251662at7088	Complete	M8	1	0
351982at7088	Complete	M8	1	0
535219at7088	Complete	M8	1	0
488629at7088	Complete	M8	1	0
146651at7088	Complete	M8	1	0
445445at7088	Complete	M8	1	0
573009at7088	Complete	M8	1	0
604001at7088	Complete	M8	1	0
333178at7088	Complete	M8	1	0
438563at7088	Complete	M8	1	0
253011at7088	Complete	M8	1	0
625663at7088	Complete	M8	1	0
614324at7088	Complete	M8	1	0
433229at7088	Complete	M8	1	0
374652at7088	Complete	M8	1	0
444497at7088	Complete	M8	1	0
586675at7088	Complete	M8	1	0
33356at7088	Complete	M8	1	0
600513at7088	Complete	M8	1	0
323725at7088	Complete	M8	1	0
373678at7088	Complete	M8	1	0
546590at7088	Complete	M8	1	0
618568at7088	Complete	M8	1	0
442359at7088	Complete	M8	1	0
252948at7088	Complete	M8	1	0
526868at7088	Complete	M8	1	0
588565at7088	Complete	M8	1	0
339596at7088	Complete	M8	1	0
332775at7088	Complete	M8	1	0
429518at7088	Complete	M8	1	0
469002at7088	Complete	M8	1	0
500679at7088	Complete	M8	1	0
337116at7088	Complete	M8	1	0
638274at7088	Complete	M8	1	0
636650at7088	Complete	M8	1	0
545011at7088	Complete	M8	1	0
555507at7088	Complete	M8	1	0
202231at7088	Complete	M8	1	0
343314at7088	Complete	M8	1	0
607869at7088	Complete	M8	1	0
626818at7088	Complete	M8	1	0
407198at7088	Complete	M8	1	0
5028at7088	Complete	M8	1	0
252332at7088	Complete	M8	1	0
660004at7088	Complete	M8	1	0
629808at7088	Complete	M8	1	0
502605at7088	Complete	M8	1	0
366185at7088	Complete	M8	1	0
333425at7088	Complete	M8	1	0
578640at7088	Complete	M8	1	0
463951at7088	Complete	M8	1	0
552192at7088	Complete	M8	1	0
355589at7088	Complete	M8	1	0
646607at7088	Complete	M8	1	0
635919at7088	Complete	M8	1	0
497329at7088	Complete	M8	1	0
627384at7088	Complete	M8	1	0
533155at7088	Complete	M8	1	0
125238at7088	Complete	M8	1	0
417606at7088	Complete	M8	1	0
305821at7088	Complete	M8	1	0
284984at7088	Complete	M8	1	0
380715at7088	Complete	M8	1	0
484023at7088	Complete	M8	1	0
484975at7088	Complete	M8	1	0
65571at7088	Complete	M8	1	0
656770at7088	Complete	M8	1	0
554495at7088	Complete	M8	1	0
476110at7088	Complete	M21	1	0
585058at7088	Complete	M21	1	0
511029at7088	Complete	M21	1	0
450919at7088	Complete	M21	1	0
288554at7088	Complete	M21	1	0
284147at7088	Complete	M21	1	0
222135at7088	Complete	M21	1	0
616157at7088	Complete	M21	1	0
556741at7088	Complete	M21	1	0
398902at7088	Complete	M21	1	0
554044at7088	Complete	M21	1	0
432018at7088	Complete	M21	1	0
450758at7088	Complete	M21	1	0
574141at7088	Complete	M21	1	0
525274at7088	Complete	M21	1	0
482207at7088	Complete	M21	1	0
505065at7088	Complete	M21	1	0
487025at7088	Complete	M21	1	0
469705at7088	Complete	M21	1	0
220823at7088	Complete	M21	1	0
653519at7088	Complete	M21	1	0
445655at7088	Complete	M21	1	0
485234at7088	Complete	M21	1	0
563433at7088	Complete	M21	1	0
640224at7088	Complete	M21	1	0
272709at7088	Complete	M21	1	0
294646at7088	Complete	M21	1	0
369749at7088	Complete	M21	1	0
168613at7088	Complete	M21	1	0
500997at7088	Complete	M21	1	0
349219at7088	Complete	M21	1	0
190991at7088	Complete	M21	1	0
442774at7088	Complete	M21	1	0
468261at7088	Complete	M21	1	0
305034at7088	Complete	M21	1	0
622864at7088	Complete	M21	1	0
531688at7088	Complete	M21	1	0
361526at7088	Complete	M21	1	0
497698at7088	Complete	M21	1	0
373584at7088	Complete	M21	1	0
468483at7088	Complete	M21	1	0
443331at7088	Complete	M21	1	0
388210at7088	Complete	M21	1	0
509065at7088	Complete	M21	1	0
463764at7088	Complete	M21	1	0
392808at7088	Complete	M21	1	0
396185at7088	Complete	M21	1	0
422715at7088	Complete	M21	1	0
560732at7088	Complete	M21	1	0
634604at7088	Complete	M21	1	0
467408at7088	Complete	M21	1	0
462939at7088	Complete	M21	1	0
618395at7088	Complete	M21	1	0
400892at7088	Complete	M21	1	0
524137at7088	Complete	M21	1	0
451673at7088	Complete	M21	1	0
558687at7088	Complete	M21	1	0
524461at7088	Complete	M21	1	0
306084at7088	Complete	M21	1	0
274092at7088	Complete	M21	1	0
508653at7088	Complete	M21	1	0
180718at7088	Complete	M21	1	0
505685at7088	Complete	M21	1	0
362318at7088	Complete	M21	1	0
617021at7088	Complete	M21	1	0
610636at7088	Complete	M21	1	0
292507at7088	Complete	M21	1	0
604143at7088	Complete	M21	1	0
654652at7088	Complete	M21	1	0
510432at7088	Complete	M21	1	0
325551at7088	Complete	M21	1	0
493498at7088	Complete	M21	1	0
568512at7088	Complete	M21	1	0
643423at7088	Complete	M21	1	0
424283at7088	Complete	M21	1	0
301693at7088	Complete	M21	1	0
323226at7088	Complete	M21	1	0
311018at7088	Complete	M21	1	0
518185at7088	Complete	M21	1	0
575802at7088	Complete	M21	1	0
421030at7088	Complete	M21	1	0
554737at7088	Complete	M21	1	0
378843at7088	Complete	M21	1	0
168193at7088	Complete	M21	1	0
511901at7088	Complete	M21	1	0
574536at7088	Complete	M21	1	0
631329at7088	Complete	M21	1	0
662593at7088	Complete	M21	1	0
522981at7088	Complete	M21	1	0
489680at7088	Complete	M21	1	0
643577at7088	Complete	M21	1	0
652137at7088	Complete	M21	1	0
617069at7088	Complete	M21	1	0
612222at7088	Complete	M21	1	0
577671at7088	Complete	M21	1	0
260597at7088	Complete	M21	1	0
247145at7088	Complete	M21	1	0
315147at7088	Complete	M21	1	0
437803at7088	Complete	M21	1	0
346090at7088	Complete	M21	1	0
398222at7088	Complete	M21	1	0
502217at7088	Complete	M21	1	0
447849at7088	Complete	M21	1	0
476752at7088	Complete	M21	1	0
221355at7088	Complete	M21	1	0
446484at7088	Complete	M21	1	0
650080at7088	Complete	M21	1	0
476568at7088	Complete	M21	1	0
151592at7088	Complete	M21	1	0
611022at7088	Complete	M21	1	0
544149at7088	Complete	M21	1	0
270759at7088	Complete	M21	1	0
593982at7088	Complete	M21	1	0
496196at7088	Complete	M21	1	0
323355at7088	Complete	M21	1	0
260097at7088	Complete	M21	1	0
510992at7088	Complete	M21	1	0
343312at7088	Complete	M21	1	0
513484at7088	Complete	M21	1	0
294523at7088	Complete	M21	1	0
643898at7088	Complete	M21	1	0
536456at7088	Complete	M21	1	0
